"title";"videoTitle";"movieID";"country";"bookmark";"duration";"date";"deviceType";"dateStr";"index";"topNodeId";"series";"seriesTitle";"seasonDescriptor";"episodeTitle";"estRating"
"Volume 1: ""THE SECRET WAR""";"THE SECRET WAR";"80223960";"DE";"887";"996";"1607369882161";"1109";"07/12/2020";"0";"80174608";"80174608";"Love, Death & Robots";"Volume 1";"THE SECRET WAR";"31"
"Volume 1: ""ALTERNATE HISTORIES""";"ALTERNATE HISTORIES";"80223958";"DE";"397";"486";"1607369511967";"1109";"07/12/2020";"1";"80174608";"80174608";"Love, Death & Robots";"Volume 1";"ALTERNATE HISTORIES";"31"
"Volume 1: ""LUCKY 13""";"LUCKY 13";"80223964";"DE";"799";"902";"1607288048207";"1109";"06/12/2020";"2";"80174608";"80174608";"Love, Death & Robots";"Volume 1";"LUCKY 13";"31"
"Volume 1: ""FISH NIGHT""";"FISH NIGHT";"80223957";"DE";"53";"626";"1607288014258";"1109";"06/12/2020";"3";"80174608";"80174608";"Love, Death & Robots";"Volume 1";"FISH NIGHT";"31"
"Volume 1: ""HELPING HAND""";"HELPING HAND";"80223955";"DE";"521";"616";"1607287513691";"1109";"06/12/2020";"4";"80174608";"80174608";"Love, Death & Robots";"Volume 1";"HELPING HAND";"31"
"Season 1: ""Go""";"Go";"80223867";"DE";"836";"3473";"1600203773393";"1109";"15/09/2020";"5";"80214512";"80214512";"Away";"Season 1";"Go";"31"
"Mission: Impossible - Ghost Protocol";"Mission: Impossible - Ghost Protocol";"70173048";"DE";"7312";"8066";"1600005150784";"1109";"13/09/2020";"6";"70173048";;;;;"27"
"Season 1: ""Camelot""";"Camelot";"80130304";"DE";"1623";"3473";"1599928755903";"1109";"12/09/2020";"7";"80997085";"80997085";"Narcos: Mexico";"Season 1";"Camelot";"42"
"Season 1: ""The Plaza System""";"The Plaza System";"80130305";"DE";"4";"3537";"1599928749926";"1109";"12/09/2020";"8";"80997085";"80997085";"Narcos: Mexico";"Season 1";"The Plaza System";"42"
"The Social Dilemma";"The Social Dilemma";"81254224";"DE";"5369";"5676";"1599772049643";"953";"10/09/2020";"9";"81254224";;;;;"21"
"Season 3: ""Going Back to Cali""";"Going Back to Cali";"80126681";"DE";"2993";"3055";"1599681577184";"1109";"09/09/2020";"10";"80025172";"80025172";"Narcos";"Season 3";"Going Back to Cali";"19"
"Season 3: ""Todos Los Hombres del Presidente""";"Todos Los Hombres del Presidente";"80126680";"DE";"2766";"2833";"1599678918693";"1109";"09/09/2020";"11";"80025172";"80025172";"Narcos";"Season 3";"Todos Los Hombres del Presidente";"19"
"Season 3: ""Convivir""";"Convivir";"80126679";"DE";"3018";"3085";"1599667982427";"1109";"09/09/2020";"12";"80025172";"80025172";"Narcos";"Season 3";"Convivir";"19"
"Season 3: ""Sin Salida""";"Sin Salida";"80126678";"DE";"2945";"3013";"1599609278171";"1434";"09/09/2020";"13";"80025172";"80025172";"Narcos";"Season 3";"Sin Salida";"19"
"Season 3: ""Best Laid Plans""";"Best Laid Plans";"80126677";"DE";"3365";"3439";"1599608026851";"1434";"09/09/2020";"14";"80025172";"80025172";"Narcos";"Season 3";"Best Laid Plans";"19"
"Season 3: ""MRO""";"MRO";"80126676";"DE";"3562";"3630";"1599520385364";"1434";"08/09/2020";"15";"80025172";"80025172";"Narcos";"Season 3";"MRO";"19"
"Season 3: ""Checkmate""";"Checkmate";"80126675";"DE";"3104";"3175";"1599487667790";"1109";"07/09/2020";"16";"80025172";"80025172";"Narcos";"Season 3";"Checkmate";"19"
"Season 3: ""Follow the Money""";"Follow the Money";"80126674";"DE";"3485";"3551";"1599469777321";"1109";"07/09/2020";"17";"80025172";"80025172";"Narcos";"Season 3";"Follow the Money";"19"
"Season 3: ""The Cali KGB""";"The Cali KGB";"80126673";"DE";"2899";"2965";"1599469279655";"1109";"07/09/2020";"18";"80025172";"80025172";"Narcos";"Season 3";"The Cali KGB";"19"
"Season 3: ""The Kingpin Strategy""";"The Kingpin Strategy";"80126672";"DE";"3212";"3277";"1599430550601";"1109";"06/09/2020";"19";"80025172";"80025172";"Narcos";"Season 3";"The Kingpin Strategy";"19"
"Season 2: ""Al Fin Cayó!""";"Al Fin Cayó!";"80101282";"DE";"3094";"3177";"1599349836984";"1434";"06/09/2020";"20";"80025172";"80025172";"Narcos";"Season 2";"Al Fin Cayó!";"19"
"Season 2: ""Nuestra Finca""";"Nuestra Finca";"80101281";"DE";"3325";"3411";"1599347862604";"1434";"06/09/2020";"21";"80025172";"80025172";"Narcos";"Season 2";"Nuestra Finca";"19"
"Season 2: ""Exit El Patrón""";"Exit El Patrón";"80101280";"DE";"0";"3267";"1599307481383";"1109";"05/09/2020";"22";"80025172";"80025172";"Narcos";"Season 2";"Exit El Patrón";"19"
"Season 2: ""Deutschland 93""";"Deutschland 93";"80101279";"DE";"3317";"3391";"1599250903602";"1109";"04/09/2020";"23";"80025172";"80025172";"Narcos";"Season 2";"Deutschland 93";"19"
"Season 2: ""Los Pepes""";"Los Pepes";"80101278";"DE";"4";"3251";"1599250898065";"1109";"04/09/2020";"24";"80025172";"80025172";"Narcos";"Season 2";"Los Pepes";"19"
"Season 2: ""The Enemies of My Enemy""";"The Enemies of My Enemy";"80101277";"DE";"3054";"3133";"1599229583699";"1109";"04/09/2020";"25";"80025172";"80025172";"Narcos";"Season 2";"The Enemies of My Enemy";"19"
"Season 2: ""The Good, The Bad, and The Dead""";"The Good, The Bad, and The Dead";"80101276";"DE";"3306";"3385";"1599171278289";"1434";"03/09/2020";"26";"80025172";"80025172";"Narcos";"Season 2";"The Good, The Bad, and The Dead";"19"
"Season 2: ""Our Man in Madrid""";"Our Man in Madrid";"80101275";"DE";"2712";"2795";"1599166283842";"1109";"03/09/2020";"27";"80025172";"80025172";"Narcos";"Season 2";"Our Man in Madrid";"19"
"Season 2: ""Cambalache""";"Cambalache";"80101274";"DE";"80";"2817";"1599155532775";"1109";"03/09/2020";"28";"80025172";"80025172";"Narcos";"Season 2";"Cambalache";"19"
"Season 2: ""Free at Last""";"Free at Last";"80101273";"DE";"3119";"3191";"1599082567205";"1109";"02/09/2020";"29";"80025172";"80025172";"Narcos";"Season 2";"Free at Last";"19"
"Season 1: ""Despegue""";"Despegue";"80025322";"DE";"2645";"2723";"1599056512320";"1434";"02/09/2020";"30";"80025172";"80025172";"Narcos";"Season 1";"Despegue";"19"
"Season 1: ""La Catedral""";"La Catedral";"80025321";"DE";"3011";"3083";"1599001500222";"1434";"02/09/2020";"31";"80025172";"80025172";"Narcos";"Season 1";"La Catedral";"19"
"Season 1: ""La Gran Mentira""";"La Gran Mentira";"80025320";"DE";"3004";"3083";"1598999513748";"1434";"01/09/2020";"32";"80025172";"80025172";"Narcos";"Season 1";"La Gran Mentira";"19"
"Season 1: ""You Will Cry Tears of Blood""";"You Will Cry Tears of Blood";"80025319";"DE";"2980";"3061";"1598979617580";"1109";"01/09/2020";"33";"80025172";"80025172";"Narcos";"Season 1";"You Will Cry Tears of Blood";"19"
"Season 1: ""Explosivos""";"Explosivos";"80025318";"DE";"2097";"2985";"1598969037995";"1109";"01/09/2020";"34";"80025172";"80025172";"Narcos";"Season 1";"Explosivos";"19"
"Season 1: ""Descenso""";"Descenso";"80025313";"DE";"12";"3443";"1598969023481";"1109";"01/09/2020";"35";"80025172";"80025172";"Narcos";"Season 1";"Descenso";"19"
"Season 1: ""Certainty""";"Certainty";"81012144";"DE";"2251";"2780";"1598168228619";"1434";"23/08/2020";"36";"81011660";"81011660";"Biohackers";"Season 1";"Certainty";"21"
"Season 1: ""Suspicion""";"Suspicion";"81012143";"DE";"2719";"2804";"1598165756248";"1434";"23/08/2020";"37";"81011660";"81011660";"Biohackers";"Season 1";"Suspicion";"21"
"Season 2: ""Sting of the Tail""";"Sting of the Tail";"80199920";"DE";"507";"2570";"1597446806728";"1109";"15/08/2020";"38";"80113647";"80113647";"Designated Survivor";"Season 2";"Sting of the Tail";"38"
"Season 2: ""The End of Something""";"The End of Something";"81079224";"DE";"2815";"2949";"1597270650452";"1109";"12/08/2020";"39";"80186863";"80186863";"The Umbrella Academy";"Season 2";"The End of Something";"43"
"Season 2: ""743""";"743";"81079223";"DE";"2302";"2429";"1597183066166";"1109";"11/08/2020";"40";"80186863";"80186863";"The Umbrella Academy";"Season 2";"743";"43"
"Season 2: ""The Seven Stages""";"The Seven Stages";"81079222";"DE";"2683";"2817";"1597178727766";"1434";"11/08/2020";"41";"80186863";"80186863";"The Umbrella Academy";"Season 2";"The Seven Stages";"43"
"Season 2: ""Öga for Öga""";"Öga for Öga";"81079221";"DE";"2693";"2837";"1597135251711";"1109";"11/08/2020";"42";"80186863";"80186863";"The Umbrella Academy";"Season 2";"Öga for Öga";"43"
"Season 2: ""A Light Supper""";"A Light Supper";"81079220";"DE";"2867";"3001";"1597090960520";"1109";"10/08/2020";"43";"80186863";"80186863";"The Umbrella Academy";"Season 2";"A Light Supper";"43"
"Season 2: ""Valhalla""";"Valhalla";"81079219";"DE";"2741";"2871";"1597082619510";"1109";"10/08/2020";"44";"80186863";"80186863";"The Umbrella Academy";"Season 2";"Valhalla";"43"
"Season 2: ""The Majestic 12""";"The Majestic 12";"81079218";"DE";"2766";"2935";"1597046349899";"1109";"10/08/2020";"45";"80186863";"80186863";"The Umbrella Academy";"Season 2";"The Majestic 12";"43"
"Season 2: ""The Swedish Job""";"The Swedish Job";"81079217";"DE";"84";"2895";"1596968949226";"1109";"09/08/2020";"46";"80186863";"80186863";"The Umbrella Academy";"Season 2";"The Swedish Job";"43"
"Season 2: ""The Frankel Footage""";"The Frankel Footage";"81079216";"DE";"2765";"2895";"1596925165367";"1109";"08/08/2020";"47";"80186863";"80186863";"The Umbrella Academy";"Season 2";"The Frankel Footage";"43"
"Season 2: ""Right Back Where We Started""";"Right Back Where We Started";"81079215";"DE";"2693";"2821";"1596915313452";"1109";"08/08/2020";"48";"80186863";"80186863";"The Umbrella Academy";"Season 2";"Right Back Where We Started";"43"
"Season 1: ""The White Violin""";"The White Violin";"80190404";"DE";"2732";"2869";"1596892897383";"1109";"08/08/2020";"49";"80186863";"80186863";"The Umbrella Academy";"Season 1";"The White Violin";"43"
"The Old Guard";"The Old Guard";"81038963";"DE";"6923";"7540";"1595113275815";"1109";"19/07/2020";"50";"81038963";;;;;"16"
"Volume 1: ""GOOD HUNTING""";"GOOD HUNTING";"80223956";"DE";"961";"1046";"1594455461426";"1434";"11/07/2020";"51";"80174608";"80174608";"Love, Death & Robots";"Volume 1";"GOOD HUNTING";"31"
"Volume 1: ""SUITS""";"SUITS";"80223952";"DE";"950";"1054";"1594452318001";"1434";"11/07/2020";"52";"80174608";"80174608";"Love, Death & Robots";"Volume 1";"SUITS";"31"
"Season 1: ""The Rise of China""";"The Rise of China";"81187216";"DE";"1303";"1362";"1592042012876";"1434";"13/06/2020";"53";"81116168";"81116168";"History 101";"Season 1";"The Rise of China";"18"
"Season 1: ""The Space Race""";"The Space Race";"81187208";"DE";"1290";"1350";"1592036531775";"1434";"13/06/2020";"54";"81116168";"81116168";"History 101";"Season 1";"The Space Race";"18"
"Season 1: ""The Moon and the Beast""";"The Moon and the Beast";"81106875";"DE";"1297";"1413";"1591890224977";"1434";"11/06/2020";"55";"81054847";"81054847";"BEASTARS";"Season 1";"The Moon and the Beast";"27"
"The Platform";"The Platform";"81128579";"DE";"5403";"5690";"1585087503212";"953";"24/03/2020";"56";"81128579";;;;;"32"
"Season 5: ""Say Cheese""";"Say Cheese";"70218586";"DE";"252";"1327";"1584555810538";"1109";"18/03/2020";"57";"70143824";"70143824";"How I Met Your Mother";"Season 5";"Say Cheese";"42"
"Season 5: ""Of Course""";"Of Course";"70218585";"DE";"1270";"1321";"1584554543379";"1109";"18/03/2020";"58";"70143824";"70143824";"How I Met Your Mother";"Season 5";"Of Course";"42"
"Season 5: ""Hooked""";"Hooked";"70218584";"DE";"1273";"1327";"1584553270865";"1109";"18/03/2020";"59";"70143824";"70143824";"How I Met Your Mother";"Season 5";"Hooked";"42"
"Season 5: ""Rabbit or Duck""";"Rabbit or Duck";"70218583";"DE";"1263";"1313";"1584552054974";"1109";"18/03/2020";"60";"70143824";"70143824";"How I Met Your Mother";"Season 5";"Rabbit or Duck";"42"
"Season 3: ""Abandon All Hope""";"Abandon All Hope";"81012707";"DE";"1575";"1700";"1583882095167";"1434";"11/03/2020";"61";"80095241";"80095241";"Castlevania";"Season 3";"Abandon All Hope";"41"
"Season 3: ""The Harvest""";"The Harvest";"81012706";"DE";"1396";"1520";"1583880702046";"1434";"10/03/2020";"62";"80095241";"80095241";"Castlevania";"Season 3";"The Harvest";"41"
"Season 3: ""What the Night Brings""";"What the Night Brings";"81012705";"DE";"1319";"1500";"1583880430430";"1434";"10/03/2020";"63";"80095241";"80095241";"Castlevania";"Season 3";"What the Night Brings";"41"
"Season 3: ""Worse Things Than Betrayal""";"Worse Things Than Betrayal";"81012704";"DE";"1398";"1530";"1583873757621";"1109";"10/03/2020";"64";"80095241";"80095241";"Castlevania";"Season 3";"Worse Things Than Betrayal";"41"
"Season 3: ""The Good Dream""";"The Good Dream";"81012703";"DE";"1297";"1428";"1583871379892";"1109";"10/03/2020";"65";"80095241";"80095241";"Castlevania";"Season 3";"The Good Dream";"41"
"Scott Pilgrim vs. the World";"Scott Pilgrim vs. the World";"70117312";"DE";"5056";"6730";"1583708732440";"1109";"09/03/2020";"66";"70117312";;;;;"18"
"Season 3: ""A Seat of Civilisation and Refinement""";"A Seat of Civilisation and Refinement";"81012702";"DE";"1210";"1342";"1583690033620";"1434";"08/03/2020";"67";"80095241";"80095241";"Castlevania";"Season 3";"A Seat of Civilisation and Refinement";"41"
"Season 3: ""I Have a Scheme""";"I Have a Scheme";"81006550";"DE";"1748";"1876";"1583687643279";"1109";"08/03/2020";"68";"80095241";"80095241";"Castlevania";"Season 3";"I Have a Scheme";"41"
"Season 3: ""Investigators""";"Investigators";"81006549";"DE";"1567";"1692";"1583536652597";"1109";"07/03/2020";"69";"80095241";"80095241";"Castlevania";"Season 3";"Investigators";"41"
"Season 3: ""The Reparation of My Heart""";"The Reparation of My Heart";"81006548";"DE";"1694";"1820";"1583534973027";"1109";"06/03/2020";"70";"80095241";"80095241";"Castlevania";"Season 3";"The Reparation of My Heart";"41"
"Season 3: ""Bless Your Dead Little Hearts""";"Bless Your Dead Little Hearts";"81006547";"DE";"1528";"1652";"1583532605637";"1109";"06/03/2020";"71";"80095241";"80095241";"Castlevania";"Season 3";"Bless Your Dead Little Hearts";"41"
"Season 2: ""War Council""";"War Council";"80095344";"DE";"727";"1511";"1583532595150";"1109";"06/03/2020";"72";"80095241";"80095241";"Castlevania";"Season 2";"War Council";"41"
"Season 1: ""Necropolis""";"Necropolis";"80095341";"DE";"348";"1383";"1583532347730";"1109";"06/03/2020";"73";"80095241";"80095241";"Castlevania";"Season 1";"Necropolis";"41"
"Season 2: ""One Year In""";"One Year In";"80199919";"DE";"815";"2560";"1583453179578";"1109";"06/03/2020";"74";"80113647";"80113647";"Designated Survivor";"Season 2";"One Year In";"38"
"Season 1: ""Brace for Impact""";"Brace for Impact";"80161018";"DE";"2459";"2548";"1583450466747";"1109";"06/03/2020";"75";"80113647";"80113647";"Designated Survivor";"Season 1";"Brace for Impact";"38"
"Season 1: ""Bombshell""";"Bombshell";"80161017";"DE";"2444";"2528";"1583448079154";"1109";"05/03/2020";"76";"80113647";"80113647";"Designated Survivor";"Season 1";"Bombshell";"38"
"Season 1: ""Misalliance""";"Misalliance";"80161016";"DE";"2460";"2548";"1583445552300";"1109";"05/03/2020";"77";"80113647";"80113647";"Designated Survivor";"Season 1";"Misalliance";"38"
"Season 1: ""Lazarus""";"Lazarus";"80161015";"DE";"2489";"2578";"1583434418665";"1109";"05/03/2020";"78";"80113647";"80113647";"Designated Survivor";"Season 1";"Lazarus";"38"
"Season 1: ""The Ninth Seat""";"The Ninth Seat";"80161014";"DE";"2509";"2596";"1583360920587";"1109";"04/03/2020";"79";"80113647";"80113647";"Designated Survivor";"Season 1";"The Ninth Seat";"38"
"Season 1: ""Party Lines""";"Party Lines";"80161013";"DE";"2483";"2572";"1583359160654";"1109";"04/03/2020";"80";"80113647";"80113647";"Designated Survivor";"Season 1";"Party Lines";"38"
"Season 1: ""One Hundred Days""";"One Hundred Days";"80161012";"DE";"2559";"2649";"1583336287292";"1109";"04/03/2020";"81";"80113647";"80113647";"Designated Survivor";"Season 1";"One Hundred Days";"38"
"Season 1: ""Commander-in-Chief""";"Commander-in-Chief";"80161011";"DE";"2448";"2534";"1583291580047";"1109";"04/03/2020";"82";"80113647";"80113647";"Designated Survivor";"Season 1";"Commander-in-Chief";"38"
"Season 1: ""Backfire""";"Backfire";"80133844";"DE";"2483";"2570";"1583288675428";"1109";"04/03/2020";"83";"80113647";"80113647";"Designated Survivor";"Season 1";"Backfire";"38"
"Season 1: ""The End of the Beginning""";"The End of the Beginning";"80133843";"DE";"2512";"2600";"1583286214937";"1109";"04/03/2020";"84";"80113647";"80113647";"Designated Survivor";"Season 1";"The End of the Beginning";"38"
"Season 1: ""Warriors""";"Warriors";"80133842";"DE";"2466";"2556";"1583283775819";"1109";"04/03/2020";"85";"80113647";"80113647";"Designated Survivor";"Season 1";"Warriors";"38"
"Season 1: ""The Oath""";"The Oath";"80133841";"DE";"2487";"2576";"1583281324365";"1109";"04/03/2020";"86";"80113647";"80113647";"Designated Survivor";"Season 1";"The Oath";"38"
"Season 1: ""The Blueprint""";"The Blueprint";"80133840";"DE";"2560";"2649";"1583278800862";"1109";"04/03/2020";"87";"80113647";"80113647";"Designated Survivor";"Season 1";"The Blueprint";"38"
"Season 1: ""The Results""";"The Results";"80133839";"DE";"2560";"2649";"1583276277592";"1109";"03/03/2020";"88";"80113647";"80113647";"Designated Survivor";"Season 1";"The Results";"38"
"Season 1: ""The Traitor""";"The Traitor";"80133838";"DE";"2534";"2622";"1583276134382";"1109";"03/03/2020";"89";"80113647";"80113647";"Designated Survivor";"Season 1";"The Traitor";"38"
"Season 1: ""The Interrogation""";"The Interrogation";"80133837";"DE";"2560";"2649";"1583243578340";"1109";"03/03/2020";"90";"80113647";"80113647";"Designated Survivor";"Season 1";"The Interrogation";"38"
"Season 1: ""The Mission""";"The Mission";"80133836";"DE";"2504";"2592";"1583240832517";"1109";"03/03/2020";"91";"80113647";"80113647";"Designated Survivor";"Season 1";"The Mission";"38"
"Season 1: ""The Enemy""";"The Enemy";"80133835";"DE";"2558";"2651";"1583238288507";"1109";"03/03/2020";"92";"80113647";"80113647";"Designated Survivor";"Season 1";"The Enemy";"38"
"Season 1: ""The Confession""";"The Confession";"80133834";"DE";"2552";"2651";"1583195078224";"1434";"03/03/2020";"93";"80113647";"80113647";"Designated Survivor";"Season 1";"The Confession";"38"
"Season 1: ""The First Day""";"The First Day";"80133833";"DE";"2581";"2677";"1583191751785";"1434";"03/03/2020";"94";"80113647";"80113647";"Designated Survivor";"Season 1";"The First Day";"38"
"Season 1: ""Pilot""";"Pilot";"80133832";"DE";"2526";"2623";"1583189207142";"1434";"02/03/2020";"95";"80113647";"80113647";"Designated Survivor";"Season 1";"Pilot";"38"
"Season 1: ""Don't Stop Now""";"Don't Stop Now";"81048763";"DE";"2361";"2440";"1583162172866";"1109";"02/03/2020";"96";"81026143";"81026143";"Pandemic: How to Prevent an Outbreak";"Season 1";"Don't Stop Now";"18"
"Season 1: ""Prayers Might Work""";"Prayers Might Work";"81048762";"DE";"2406";"2494";"1583104293830";"1434";"02/03/2020";"97";"81026143";"81026143";"Pandemic: How to Prevent an Outbreak";"Season 1";"Prayers Might Work";"18"
"Season 1: ""Hold On to Your Roots""";"Hold On to Your Roots";"81048761";"DE";"2854";"2943";"1583103859885";"1434";"02/03/2020";"98";"81026143";"81026143";"Pandemic: How to Prevent an Outbreak";"Season 1";"Hold On to Your Roots";"18"
"Season 1: ""Seek, Don't Hide""";"Seek, Don't Hide";"81048760";"UA";"2879";"3051";"1581609351530";"1434";"13/02/2020";"99";"81026143";"81026143";"Pandemic: How to Prevent an Outbreak";"Season 1";"Seek, Don't Hide";"18"
"Season 1: ""Pandemic Is Now""";"Pandemic Is Now";"81048759";"UA";"2949";"3035";"1581609039310";"1434";"13/02/2020";"100";"81026143";"81026143";"Pandemic: How to Prevent an Outbreak";"Season 1";"Pandemic Is Now";"18"
"Season 1: ""It Hunts Us""";"It Hunts Us";"81048758";"DE";"3069";"3157";"1580126173141";"1434";"27/01/2020";"101";"81026143";"81026143";"Pandemic: How to Prevent an Outbreak";"Season 1";"It Hunts Us";"18"
"Season 2: ""Episode 8""";"Episode 8";"81084785";"DE";"3446";"3572";"1579757268717";"1434";"23/01/2020";"102";"80197526";"80197526";"Sex Education";"Season 2";"Episode 8";"32"
"Season 2: ""Episode 7""";"Episode 7";"81084784";"DE";"2881";"2996";"1579754274068";"1434";"23/01/2020";"103";"80197526";"80197526";"Sex Education";"Season 2";"Episode 7";"32"
"Unabomber: ""Publish or Perish""";"Publish or Perish";"80208853";"DE";"627";"2560";"1579382982473";"1109";"18/01/2020";"104";"80176878";"80176878";"Manhunt";"Unabomber";"Publish or Perish";"16"
"Unabomber: ""Fruit of the Poisonous Tree""";"Fruit of the Poisonous Tree";"80208852";"DE";"3";"2572";"1579382976949";"1109";"18/01/2020";"105";"80176878";"80176878";"Manhunt";"Unabomber";"Fruit of the Poisonous Tree";"16"
"Unabomber: ""Pure Wudder""";"Pure Wudder";"80208851";"DE";"2506";"2578";"1579215387249";"1434";"16/01/2020";"106";"80176878";"80176878";"Manhunt";"Unabomber";"Pure Wudder";"16"
"Season 1: ""Battle of the Bulge""";"Battle of the Bulge";"80989932";"DE";"2947";"3016";"1577540298202";"1434";"28/12/2019";"107";"80989924";"80989924";"Greatest Events of WWII in Colour";"Season 1";"Battle of the Bulge";"30"
"Season 1: ""Much More""";"Much More";"81000148";"DE";"3432";"3578";"1577364312612";"1434";"26/12/2019";"108";"80189685";"80189685";"The Witcher";"Season 1";"Much More";"24"
"Season 1: ""Before a Fall""";"Before a Fall";"81000147";"DE";"2842";"2842";"1577363506338";"1434";"26/12/2019";"109";"80189685";"80189685";"The Witcher";"Season 1";"Before a Fall";"24"
"Season 1: ""Rare Species""";"Rare Species";"81000146";"DE";"3416";"3574";"1577345775505";"1434";"26/12/2019";"110";"80189685";"80189685";"The Witcher";"Season 1";"Rare Species";"24"
"Season 1: ""Bottled Appetites""";"Bottled Appetites";"81000145";"DE";"3402";"3548";"1577345472232";"1434";"26/12/2019";"111";"80189685";"80189685";"The Witcher";"Season 1";"Bottled Appetites";"24"
"Season 1: ""Of Banquets, Bastards and Burials""";"Of Banquets, Bastards and Burials";"80244466";"DE";"3581";"3730";"1577059410708";"953";"23/12/2019";"112";"80189685";"80189685";"The Witcher";"Season 1";"Of Banquets, Bastards and Burials";"24"
"Season 1: ""Betrayer Moon""";"Betrayer Moon";"80244465";"DE";"3871";"4022";"1577054717055";"953";"22/12/2019";"113";"80189685";"80189685";"The Witcher";"Season 1";"Betrayer Moon";"24"
"Season 1: ""Four Marks""";"Four Marks";"80244464";"DE";"3528";"3656";"1576966135585";"1434";"21/12/2019";"114";"80189685";"80189685";"The Witcher";"Season 1";"Four Marks";"24"
"Season 1: ""The End’s Beginning""";"The End’s Beginning";"80189599";"DE";"3531";"3664";"1576966131467";"1434";"21/12/2019";"115";"80189685";"80189685";"The Witcher";"Season 1";"The End’s Beginning";"24"
"Season 1: ""Pilot""";"Pilot";"80004161";"DE";"1360";"1367";"1576368539378";"953";"15/12/2019";"116";"70281562";"70281562";"Brooklyn Nine-Nine";"Season 1";"Pilot";"48"
"Edge of Tomorrow";"Edge of Tomorrow";"70298735";"DE";"6364";"6805";"1575670862635";"953";"06/12/2019";"117";"70298735";;;;;"30"
"Season 1: ""Home Alone""";"Home Alone";"80994956";"DE";"2632";"2727";"1575580890145";"953";"05/12/2019";"118";"80990849";"80990849";"The Movies That Made Us";"Season 1";"Home Alone";"29"
"Season 1: ""Dirty Dancing""";"Dirty Dancing";"80994955";"DE";"84";"3115";"1575580795749";"953";"05/12/2019";"119";"80990849";"80990849";"The Movies That Made Us";"Season 1";"Dirty Dancing";"29"
"The Irishman";"The Irishman";"80175798";"DE";"10587";"12566";"1575573985286";"953";"05/12/2019";"120";"80175798";;;;;"42"
"Season 1: ""D-Day""";"D-Day";"80989931";"DE";"2977";"3014";"1574972809318";"1109";"28/11/2019";"121";"80989924";"80989924";"Greatest Events of WWII in Colour";"Season 1";"D-Day";"30"
"Season 1: ""Siege of Stalingrad""";"Siege of Stalingrad";"80989930";"DE";"2986";"3024";"1574802755070";"1109";"26/11/2019";"122";"80989924";"80989924";"Greatest Events of WWII in Colour";"Season 1";"Siege of Stalingrad";"30"
"Season 1: ""Battle of Midway""";"Battle of Midway";"80989929";"DE";"2969";"3008";"1574802269426";"1109";"26/11/2019";"123";"80989924";"80989924";"Greatest Events of WWII in Colour";"Season 1";"Battle of Midway";"30"
"Season 1: ""Pearl Harbor""";"Pearl Harbor";"80989928";"DE";"2974";"3016";"1574723835192";"1434";"26/11/2019";"124";"80989924";"80989924";"Greatest Events of WWII in Colour";"Season 1";"Pearl Harbor";"30"
"Season 1: ""Battle of Britain""";"Battle of Britain";"80989927";"DE";"2975";"3016";"1574624983540";"1109";"24/11/2019";"125";"80989924";"80989924";"Greatest Events of WWII in Colour";"Season 1";"Battle of Britain";"30"
"Season 1: ""Blitzkrieg""";"Blitzkrieg";"80989926";"DE";"2986";"3014";"1574620627205";"1109";"24/11/2019";"126";"80989924";"80989924";"Greatest Events of WWII in Colour";"Season 1";"Blitzkrieg";"30"
"Blade Runner 2049";"Blade Runner 2049";"80185760";"DE";"9184";"9811";"1574536251485";"1109";"23/11/2019";"127";"80185760";;;;;"30"
"Season 1: ""Lawnmower Dog""";"Lawnmower Dog";"80098734";"DE";"442";"1337";"1573422791842";"1109";"10/11/2019";"128";"80014749";"80014749";"Rick and Morty";"Season 1";"Lawnmower Dog";"49"
"Season 1: ""Pilot""";"Pilot";"80098733";"DE";"1316";"1339";"1573421473420";"1109";"10/11/2019";"129";"80014749";"80014749";"Rick and Morty";"Season 1";"Pilot";"49"
"Season 1: ""To You, After 2,000 Years: The Fall of Shiganshina, Part 1""";"To You, After 2,000 Years: The Fall of Shiganshina, Part 1";"70298554";"DE";"1223";"1380";"1573320226985";"1434";"09/11/2019";"130";"70299043";"70299043";"Attack on Titan";"Season 1";"To You, After 2,000 Years: The Fall of Shiganshina, Part 1";"30"
"The King";"The King";"80182016";"DE";"7864";"8430";"1573142811807";"1109";"07/11/2019";"131";"80182016";;;;;"40"
"Season 3: ""The Rickchurian Mortydate""";"The Rickchurian Mortydate";"80202674";"DE";"1296";"1370";"1572692460171";"1434";"02/11/2019";"132";"80014749";"80014749";"Rick and Morty";"Season 3";"The Rickchurian Mortydate";"49"
"Season 3: ""The ABC's of Beth""";"The ABC's of Beth";"80202672";"DE";"1";"1341";"1572692457779";"1434";"02/11/2019";"133";"80014749";"80014749";"Rick and Morty";"Season 3";"The ABC's of Beth";"49"
"Season 3: ""Morty's Mind Blowers""";"Morty's Mind Blowers";"80202673";"DE";"66";"1329";"1572692453919";"1434";"02/11/2019";"134";"80014749";"80014749";"Rick and Morty";"Season 3";"Morty's Mind Blowers";"49"
"Season 6: ""The Face of Depression""";"The Face of Depression";"81026965";"DE";"0";"1622";"1572692449363";"1434";"02/11/2019";"135";"70300800";"70300800";"BoJack Horseman";"Season 6";"The Face of Depression";"47"
"Gladiator";"Gladiator";"60000929";"DE";"8912";"9301";"1572612754946";"1109";"01/11/2019";"136";"60000929";;;;;"44"
"Season 1: ""Schmuck Bait!""";"Schmuck Bait!";"80988407";"DE";"2807";"2924";"1572468314208";"1109";"30/10/2019";"137";"80197462";"80197462";"Daybreak";"Season 1";"Schmuck Bait!";"30"
"Season 1: ""Josh vs. the Apocalypse: Part 1""";"Josh vs. the Apocalypse: Part 1";"80988406";"DE";"2584";"2704";"1572464525967";"1109";"30/10/2019";"138";"80197462";"80197462";"Daybreak";"Season 1";"Josh vs. the Apocalypse: Part 1";"30"
"Season 3: ""The Ricklantis Mixup""";"The Ricklantis Mixup";"80202671";"DE";"1273";"1337";"1572385190382";"1434";"29/10/2019";"139";"80014749";"80014749";"Rick and Morty";"Season 3";"The Ricklantis Mixup";"49"
"Season 3: ""Rest and Ricklaxation""";"Rest and Ricklaxation";"80202670";"DE";"4";"1361";"1572385184040";"1434";"29/10/2019";"140";"80014749";"80014749";"Rick and Morty";"Season 3";"Rest and Ricklaxation";"49"
"Season 3: ""The Whirly Dirly Conspiracy""";"The Whirly Dirly Conspiracy";"80202669";"DE";"80";"1348";"1572385129278";"1434";"29/10/2019";"141";"80014749";"80014749";"Rick and Morty";"Season 3";"The Whirly Dirly Conspiracy";"49"
"Season 3: ""Vindicators 3:  The Return of Worldender""";"Vindicators 3:  The Return of Worldender";"80202668";"DE";"1319";"1387";"1572385105608";"1434";"29/10/2019";"142";"80014749";"80014749";"Rick and Morty";"Season 3";"Vindicators 3:  The Return of Worldender";"49"
"Season 3: ""Pickle Rick""";"Pickle Rick";"80202667";"DE";"1333";"1406";"1572369736273";"1434";"29/10/2019";"143";"80014749";"80014749";"Rick and Morty";"Season 3";"Pickle Rick";"49"
"Season 3: ""Rickmancing the Stone""";"Rickmancing the Stone";"80202666";"DE";"1357";"1359";"1572368406367";"1434";"29/10/2019";"144";"80014749";"80014749";"Rick and Morty";"Season 3";"Rickmancing the Stone";"49"
"Season 3: ""The Rickshank Rickdemption""";"The Rickshank Rickdemption";"80202665";"DE";"1336";"1405";"1572300076405";"1434";"28/10/2019";"145";"80014749";"80014749";"Rick and Morty";"Season 3";"The Rickshank Rickdemption";"49"
"Season 2: ""The Wedding Squanchers""";"The Wedding Squanchers";"80107412";"DE";"1290";"1397";"1572298810047";"1434";"28/10/2019";"146";"80014749";"80014749";"Rick and Morty";"Season 2";"The Wedding Squanchers";"49"
"Season 6: ""The Kidney Stays in the Picture""";"The Kidney Stays in the Picture";"81026964";"DE";"1493";"1574";"1572126641483";"953";"26/10/2019";"147";"70300800";"70300800";"BoJack Horseman";"Season 6";"The Kidney Stays in the Picture";"47"
"Season 6: ""A Little Uneven, Is All""";"A Little Uneven, Is All";"81026963";"DE";"1495";"1578";"1572125144144";"953";"26/10/2019";"148";"70300800";"70300800";"BoJack Horseman";"Season 6";"A Little Uneven, Is All";"47"
"Season 6: ""Surprise!""";"Surprise!";"81026962";"DE";"1496";"1578";"1572115966568";"953";"26/10/2019";"149";"70300800";"70300800";"BoJack Horseman";"Season 6";"Surprise!";"47"
"Season 6: ""Feel-Good Story""";"Feel-Good Story";"81026961";"DE";"1485";"1570";"1572114483856";"953";"26/10/2019";"150";"70300800";"70300800";"BoJack Horseman";"Season 6";"Feel-Good Story";"47"
"Season 6: ""The New Client""";"The New Client";"81026960";"DE";"1496";"1578";"1572114094195";"953";"26/10/2019";"151";"70300800";"70300800";"BoJack Horseman";"Season 6";"The New Client";"47"
"Snowpiercer";"Snowpiercer";"70270364";"DE";"7250";"7570";"1572040816875";"1109";"25/10/2019";"152";"70270364";;;;;"30"
"John Wick: Chapter 2";"John Wick: Chapter 2";"80131552";"DE";"6943";"7383";"1571863566892";"1109";"23/10/2019";"153";"80131552";;;;;"49"
"Season 1: ""Nice Knowing You""";"Nice Knowing You";"80243269";"DE";"2060";"2140";"1571693129007";"1109";"21/10/2019";"154";"80178724";"80178724";"Living with Yourself";"Season 1";"Nice Knowing You";"24"
"Season 1: ""Piña Colada""";"Piña Colada";"80243268";"DE";"1557";"1650";"1571691576227";"1109";"21/10/2019";"155";"80178724";"80178724";"Living with Yourself";"Season 1";"Piña Colada";"24"
"Season 1: ""Neighbors and Friends""";"Neighbors and Friends";"80243267";"DE";"1201";"1293";"1571691481829";"1109";"21/10/2019";"156";"80178724";"80178724";"Living with Yourself";"Season 1";"Neighbors and Friends";"24"
"Season 1: ""Va Bene""";"Va Bene";"80243266";"DE";"1670";"1758";"1571596730151";"1109";"20/10/2019";"157";"80178724";"80178724";"Living with Yourself";"Season 1";"Va Bene";"24"
"Season 1: ""Soul Mate""";"Soul Mate";"80243265";"DE";"1375";"1468";"1571593384958";"1109";"20/10/2019";"158";"80178724";"80178724";"Living with Yourself";"Season 1";"Soul Mate";"24"
"Season 1: ""Green Tea""";"Green Tea";"80243264";"DE";"1547";"1644";"1571591845853";"1109";"20/10/2019";"159";"80178724";"80178724";"Living with Yourself";"Season 1";"Green Tea";"24"
"Season 1: ""Made in a Strip Mall""";"Made in a Strip Mall";"80243263";"DE";"1517";"1612";"1571590287008";"1109";"20/10/2019";"160";"80178724";"80178724";"Living with Yourself";"Season 1";"Made in a Strip Mall";"24"
"Season 1: ""The Best You Can Be""";"The Best You Can Be";"80178697";"DE";"7";"1602";"1571590275660";"1109";"20/10/2019";"161";"80178724";"80178724";"Living with Yourself";"Season 1";"The Best You Can Be";"24"
"In the Tall Grass";"In the Tall Grass";"80237905";"DE";"5690";"6114";"1571567187808";"1109";"20/10/2019";"162";"80237905";;;;;"24"
"Green Book";"Green Book";"81013585";"DE";"7395";"7440";"1571165902220";"1109";"15/10/2019";"163";"81013585";;;;;"30"
"Season 2: ""The Avocado War""";"The Avocado War";"80990443";"DE";"22";"3417";"1571165803202";"1109";"15/10/2019";"164";"80146284";"80146284";"Rotten";"Season 2";"The Avocado War";"38"
"Season 1: ""Through the Valley of Shadows""";"Through the Valley of Shadows";"80988443";"DE";"1544";"2683";"1571089916589";"1109";"14/10/2019";"165";"80236236";"80236236";"Another Life";"Season 1";"Through the Valley of Shadows";"30"
"Season 1: ""Across the Universe""";"Across the Universe";"80988442";"DE";"3528";"3678";"1571086190437";"1109";"14/10/2019";"166";"80236236";"80236236";"Another Life";"Season 1";"Across the Universe";"30"
"Season 4: ""USS Callister""";"USS Callister";"80131567";"DE";"58";"4610";"1571086142167";"1109";"14/10/2019";"167";"70264888";"70264888";"Black Mirror";"Season 4";"USS Callister";"48"
"Season 5: ""Rachel, Jack and Ashley Too""";"Rachel, Jack and Ashley Too";"80195725";"DE";"3930";"4038";"1570990666401";"1109";"13/10/2019";"168";"70264888";"70264888";"Black Mirror";"Season 5";"Rachel, Jack and Ashley Too";"48"
"Season 5: ""Smithereens""";"Smithereens";"80195724";"DE";"4135";"4224";"1570986554713";"1109";"13/10/2019";"169";"70264888";"70264888";"Black Mirror";"Season 5";"Smithereens";"48"
"Season 5: ""Striking Vipers""";"Striking Vipers";"80186674";"DE";"3630";"3720";"1570985899133";"1109";"13/10/2019";"170";"70264888";"70264888";"Black Mirror";"Season 5";"Striking Vipers";"48"
"Season 1: ""Pilot""";"Pilot";"70196252";"DE";"564";"3501";"1570877453635";"1109";"12/10/2019";"171";"70143836";"70143836";"Breaking Bad";"Season 1";"Pilot";"49"
"El Camino: A Breaking Bad Movie";"El Camino: A Breaking Bad Movie";"81078819";"DE";"7100";"7362";"1570872484948";"1109";"12/10/2019";"172";"81078819";;;;;"37"
"Season 21: ""Put It Down""";"Put It Down";"81058326";"DE";"671";"1329";"1570808993639";"1109";"11/10/2019";"173";"70136107";"70136107";"South Park";"Season 21";"Put It Down";"48"
"Season 21: ""White People Renovating Houses""";"White People Renovating Houses";"81058325";"DE";"1326";"1329";"1570808685384";"1109";"11/10/2019";"174";"70136107";"70136107";"South Park";"Season 21";"White People Renovating Houses";"48"
"Season 1: ""Cartman Gets an Anal Probe""";"Cartman Gets an Anal Probe";"70116398";"DE";"18";"1328";"1570741260637";"1434";"10/10/2019";"175";"70136107";"70136107";"South Park";"Season 1";"Cartman Gets an Anal Probe";"48"
"Limited Series: ""The Dark Backward""";"The Dark Backward";"80993081";"DE";"2160";"2296";"1570738736648";"1109";"10/10/2019";"176";"80993062";"80993062";"The I-Land";"Limited Series";"The Dark Backward";"28"
"Limited Series: ""The Great Globe Itself""";"The Great Globe Itself";"80993080";"DE";"2098";"2238";"1570642442143";"1434";"09/10/2019";"177";"80993062";"80993062";"The I-Land";"Limited Series";"The Great Globe Itself";"28"
"Limited Series: ""The Cloud Capp'd Towers""";"The Cloud Capp'd Towers";"80993079";"DE";"2372";"2515";"1570639588424";"1434";"09/10/2019";"178";"80993062";"80993062";"The I-Land";"Limited Series";"The Cloud Capp'd Towers";"28"
"Season 5: ""Mr Jones""";"Mr Jones";"80206245";"UA";"3901";"3904";"1570616798234";"1434";"09/10/2019";"179";"80002479";"80002479";"Peaky Blinders";"Season 5";"Mr Jones";"49"
"Season 5: ""The Shock""";"The Shock";"80206244";"UA";"3300";"3344";"1570614621977";"1434";"09/10/2019";"180";"80002479";"80002479";"Peaky Blinders";"Season 5";"The Shock";"49"
"Season 5: ""The Loop""";"The Loop";"80206243";"UA";"3386";"3470";"1570609743258";"1434";"09/10/2019";"181";"80002479";"80002479";"Peaky Blinders";"Season 5";"The Loop";"49"
"Season 5: ""Strategy""";"Strategy";"80206242";"UA";"3379";"3472";"1570294652379";"1434";"05/10/2019";"182";"80002479";"80002479";"Peaky Blinders";"Season 5";"Strategy";"49"
"Season 5: ""Black Cats""";"Black Cats";"80206241";"UA";"3395";"3484";"1570280238558";"1434";"05/10/2019";"183";"80002479";"80002479";"Peaky Blinders";"Season 5";"Black Cats";"49"
"Season 5: ""Black Tuesday""";"Black Tuesday";"80206240";"UA";"3292";"3380";"1570267928925";"1434";"05/10/2019";"184";"80002479";"80002479";"Peaky Blinders";"Season 5";"Black Tuesday";"49"
"Limited Series: ""Many Goodly Creatures""";"Many Goodly Creatures";"80993078";"UA";"2340";"2481";"1570153799840";"1434";"04/10/2019";"185";"80993062";"80993062";"The I-Land";"Limited Series";"Many Goodly Creatures";"28"
"Limited Series: ""The Insubstantial Pageant""";"The Insubstantial Pageant";"80993077";"GE";"2199";"2342";"1570126595990";"1434";"03/10/2019";"186";"80993062";"80993062";"The I-Land";"Limited Series";"The Insubstantial Pageant";"28"
"Limited Series: ""The Gorgeous Palaces""";"The Gorgeous Palaces";"80993076";"GE";"2495";"2635";"1570108361148";"1434";"03/10/2019";"187";"80993062";"80993062";"The I-Land";"Limited Series";"The Gorgeous Palaces";"28"
"Part 2: ""Tiabeanie Falls""";"Tiabeanie Falls";"80145133";"GE";"1558";"1690";"1570084742951";"1434";"03/10/2019";"188";"80095697";"80095697";"Disenchantment";"Part 2";"Tiabeanie Falls";"46"
"Part 2: ""The Electric Princess""";"The Electric Princess";"80145132";"GE";"1462";"1576";"1570019701420";"1434";"02/10/2019";"189";"80095697";"80095697";"Disenchantment";"Part 2";"The Electric Princess";"46"
"Part 2: ""In Her Own Write""";"In Her Own Write";"80145131";"GE";"1302";"1429";"1570019697036";"1434";"02/10/2019";"190";"80095697";"80095697";"Disenchantment";"Part 2";"In Her Own Write";"46"
"Part 2: ""Love's Slimy Embrace""";"Love's Slimy Embrace";"80145130";"GE";"1317";"1447";"1569964263786";"1434";"01/10/2019";"191";"80095697";"80095697";"Disenchantment";"Part 2";"Love's Slimy Embrace";"46"
"Part 2: ""The Dreamland Job""";"The Dreamland Job";"80145129";"GE";"1223";"1345";"1569959410771";"1434";"01/10/2019";"192";"80095697";"80095697";"Disenchantment";"Part 2";"The Dreamland Job";"46"
"Limited Series: ""Brave New World""";"Brave New World";"80993075";"GE";"2424";"2565";"1569945575952";"1434";"01/10/2019";"193";"80993062";"80993062";"The I-Land";"Limited Series";"Brave New World";"28"
"Part 2: ""Our Bodies, Our Elves""";"Our Bodies, Our Elves";"80145128";"GE";"555";"1369";"1569663452697";"1434";"28/09/2019";"194";"80095697";"80095697";"Disenchantment";"Part 2";"Our Bodies, Our Elves";"46"
"Part 2: ""The Lonely Heart Is a Hunter""";"The Lonely Heart Is a Hunter";"80145127";"UA";"1517";"1646";"1569622627020";"1434";"27/09/2019";"195";"80095697";"80095697";"Disenchantment";"Part 2";"The Lonely Heart Is a Hunter";"46"
"Part 2: ""The Very Thing""";"The Very Thing";"80145126";"UA";"1448";"1574";"1569622623178";"1434";"27/09/2019";"196";"80095697";"80095697";"Disenchantment";"Part 2";"The Very Thing";"46"
"Part 2: ""Stairway to Hell""";"Stairway to Hell";"80145125";"DE";"1543";"1662";"1569606022201";"1434";"27/09/2019";"197";"80095697";"80095697";"Disenchantment";"Part 2";"Stairway to Hell";"46"
"Limited Series: ""Memory""";"Memory";"81062188";"DE";"73";"1225";"1568564657050";"1434";"15/09/2019";"198";"81098586";"81098586";"The Mind, Explained";"Limited Series";"Memory";"31"
"Season 2: ""Episode 9""";"Episode 9";"81083763";"DE";"4216";"4436";"1568314535273";"1109";"12/09/2019";"199";"80114855";"80114855";"MINDHUNTER";"Season 2";"Episode 9";"49"
"Season 2: ""Episode 8""";"Episode 8";"80226469";"DE";"3041";"3203";"1568237058158";"1109";"11/09/2019";"200";"80114855";"80114855";"MINDHUNTER";"Season 2";"Episode 8";"49"
"Season 2: ""Episode 7""";"Episode 7";"80226468";"DE";"3365";"3518";"1568233436395";"1109";"11/09/2019";"201";"80114855";"80114855";"MINDHUNTER";"Season 2";"Episode 7";"49"
"Season 2: ""Episode 6""";"Episode 6";"80226467";"DE";"3388";"3544";"1568229990851";"1109";"11/09/2019";"202";"80114855";"80114855";"MINDHUNTER";"Season 2";"Episode 6";"49"
"Season 2: ""Episode 5""";"Episode 5";"80226466";"DE";"4172";"4324";"1568228901756";"1109";"11/09/2019";"203";"80114855";"80114855";"MINDHUNTER";"Season 2";"Episode 5";"49"
"Season 2: ""Episode 4""";"Episode 4";"80226465";"DE";"2925";"3079";"1568058918555";"1109";"09/09/2019";"204";"80114855";"80114855";"MINDHUNTER";"Season 2";"Episode 4";"49"
"Season 2: ""Episode 3""";"Episode 3";"80226464";"DE";"3468";"3646";"1568054947265";"1109";"09/09/2019";"205";"80114855";"80114855";"MINDHUNTER";"Season 2";"Episode 3";"49"
"Season 2: ""Episode 2""";"Episode 2";"80226463";"DE";"2647";"2815";"1568053610910";"1109";"09/09/2019";"206";"80114855";"80114855";"MINDHUNTER";"Season 2";"Episode 2";"49"
"Season 2: ""Episode 1""";"Episode 1";"80175048";"DE";"2751";"2921";"1567901214882";"1109";"08/09/2019";"207";"80114855";"80114855";"MINDHUNTER";"Season 2";"Episode 1";"49"
"Season 1: ""Episode 10""";"Episode 10";"80114865";"DE";"3014";"3187";"1567898206180";"1109";"08/09/2019";"208";"80114855";"80114855";"MINDHUNTER";"Season 1";"Episode 10";"49"
"Season 1: ""Episode 9""";"Episode 9";"80114864";"DE";"2736";"2911";"1567895474729";"1109";"07/09/2019";"209";"80114855";"80114855";"MINDHUNTER";"Season 1";"Episode 9";"49"
"Season 1: ""Episode 8""";"Episode 8";"80114863";"DE";"3072";"3245";"1567892497583";"1109";"07/09/2019";"210";"80114855";"80114855";"MINDHUNTER";"Season 1";"Episode 8";"49"
"Season 1: ""Episode 7""";"Episode 7";"80114862";"DE";"3003";"3185";"1567892488035";"1109";"07/09/2019";"211";"80114855";"80114855";"MINDHUNTER";"Season 1";"Episode 7";"49"
"Season 1: ""Episode 6""";"Episode 6";"80114861";"DE";"1910";"2080";"1567707207216";"1109";"05/09/2019";"212";"80114855";"80114855";"MINDHUNTER";"Season 1";"Episode 6";"49"
"Season 1: ""Episode 5""";"Episode 5";"80114860";"DE";"2375";"2537";"1567706439546";"1109";"05/09/2019";"213";"80114855";"80114855";"MINDHUNTER";"Season 1";"Episode 5";"49"
"Season 1: ""Episode 4""";"Episode 4";"80114859";"DE";"3082";"3255";"1567538266399";"1109";"03/09/2019";"214";"80114855";"80114855";"MINDHUNTER";"Season 1";"Episode 4";"49"
"Season 1: ""Episode 3""";"Episode 3";"80114858";"DE";"2561";"2733";"1567452468936";"1109";"02/09/2019";"215";"80114855";"80114855";"MINDHUNTER";"Season 1";"Episode 3";"49"
"Season 1: ""Episode 2""";"Episode 2";"80114857";"DE";"3207";"3375";"1567449010698";"1109";"02/09/2019";"216";"80114855";"80114855";"MINDHUNTER";"Season 1";"Episode 2";"49"
"Season 1: ""Episode 1""";"Episode 1";"80114856";"DE";"3429";"3618";"1567374160545";"1109";"01/09/2019";"217";"80114855";"80114855";"MINDHUNTER";"Season 1";"Episode 1";"49"
"Season 1: ""Secrets""";"Secrets";"80114790";"DE";"1981";"3092";"1566334318110";"1109";"20/08/2019";"218";"80100172";"80100172";"Dark";"Season 1";"Secrets";"49"
"Men in Black";"Men in Black";"60001650";"DE";"5417";"5878";"1565212845136";"1434";"07/08/2019";"219";"60001650";;;;;"42"
"Season 1: ""Witchbottle""";"Witchbottle";"80095340";"DE";"14";"1503";"1565207497456";"1109";"07/08/2019";"220";"80095241";"80095241";"Castlevania";"Season 1";"Witchbottle";"41"
"Season 2: ""End Times""";"End Times";"80241612";"DE";"1605";"1732";"1565128170151";"1434";"06/08/2019";"221";"80095241";"80095241";"Castlevania";"Season 2";"End Times";"41"
"Season 2: ""For Love""";"For Love";"80241611";"DE";"1549";"1676";"1565039522127";"1434";"05/08/2019";"222";"80095241";"80095241";"Castlevania";"Season 2";"For Love";"41"
"Season 2: ""The River""";"The River";"80241610";"DE";"1398";"1523";"1565037297946";"1109";"05/08/2019";"223";"80095241";"80095241";"Castlevania";"Season 2";"The River";"41"
"Season 2: ""Last Spell""";"Last Spell";"80241609";"DE";"1320";"1443";"1564944174609";"1109";"04/08/2019";"224";"80095241";"80095241";"Castlevania";"Season 2";"Last Spell";"41"
"Season 2: ""Broken Mast""";"Broken Mast";"80095347";"DE";"1392";"1517";"1564931136533";"1109";"04/08/2019";"225";"80095241";"80095241";"Castlevania";"Season 2";"Broken Mast";"41"
"Season 2: ""Shadow Battles""";"Shadow Battles";"80095346";"DE";"1470";"1595";"1564930262413";"1109";"04/08/2019";"226";"80095241";"80095241";"Castlevania";"Season 2";"Shadow Battles";"41"
"Season 6: ""Character and Fitness""";"Character and Fitness";"80078138";"DE";"49";"2651";"1564927726056";"1109";"04/08/2019";"227";"70195800";"70195800";"Suits";"Season 6";"Character and Fitness";"49"
"Season 1: ""Pilot Part 1""";"Pilot Part 1";"80012606";"DE";"21";"2396";"1564927702066";"1109";"04/08/2019";"228";"70195800";"70195800";"Suits";"Season 1";"Pilot Part 1";"49"
"The Martian";"The Martian";"80058399";"DE";"8155";"8460";"1564871498340";"1434";"03/08/2019";"229";"80058399";;;;;"30"
"Book 3: ""Sozin's Comet: Part 4: Avatar Aang""";"Sozin's Comet: Part 4: Avatar Aang";"70231586";"DE";"1435";"1472";"1564681593921";"1109";"01/08/2019";"230";"70142405";"70142405";"Avatar: The Last Airbender";"Book 3";"Sozin's Comet: Part 4: Avatar Aang";"49"
"Book 3: ""Sozin's Comet: Part 3: Into the Inferno""";"Sozin's Comet: Part 3: Into the Inferno";"70231585";"DE";"1434";"1464";"1564679463483";"1109";"01/08/2019";"231";"70142405";"70142405";"Avatar: The Last Airbender";"Book 3";"Sozin's Comet: Part 3: Into the Inferno";"49"
"Book 3: ""Sozin's Comet: Part 2: The Old Masters""";"Sozin's Comet: Part 2: The Old Masters";"70231584";"DE";"1442";"1472";"1564678091629";"1109";"01/08/2019";"232";"70142405";"70142405";"Avatar: The Last Airbender";"Book 3";"Sozin's Comet: Part 2: The Old Masters";"49"
"Book 3: ""Sozin's Comet: Part 1: The Phoenix King""";"Sozin's Comet: Part 1: The Phoenix King";"70231583";"DE";"1437";"1467";"1564676741006";"1109";"01/08/2019";"233";"70142405";"70142405";"Avatar: The Last Airbender";"Book 3";"Sozin's Comet: Part 1: The Phoenix King";"49"
"Book 3: ""The Ember Island Players""";"The Ember Island Players";"70136344";"DE";"1440";"1471";"1564675380912";"1109";"01/08/2019";"234";"70142405";"70142405";"Avatar: The Last Airbender";"Book 3";"The Ember Island Players";"49"
"Book 3: ""The Southern Raiders""";"The Southern Raiders";"70136343";"DE";"1430";"1460";"1564674671638";"1109";"01/08/2019";"235";"70142405";"70142405";"Avatar: The Last Airbender";"Book 3";"The Southern Raiders";"49"
"Book 3: ""The Boiling Rock: Part 2""";"The Boiling Rock: Part 2";"70231582";"DE";"1408";"1450";"1564660282123";"1109";"01/08/2019";"236";"70142405";"70142405";"Avatar: The Last Airbender";"Book 3";"The Boiling Rock: Part 2";"49"
"Book 3: ""The Boiling Rock: Part 1""";"The Boiling Rock: Part 1";"70231581";"DE";"1442";"1473";"1564658906046";"1109";"01/08/2019";"237";"70142405";"70142405";"Avatar: The Last Airbender";"Book 3";"The Boiling Rock: Part 1";"49"
"Book 3: ""The Firebending Masters""";"The Firebending Masters";"70136342";"DE";"1433";"1473";"1564596258087";"953";"31/07/2019";"238";"70142405";"70142405";"Avatar: The Last Airbender";"Book 3";"The Firebending Masters";"49"
"Book 3: ""The Western Air Temple""";"The Western Air Temple";"70136341";"DE";"1443";"1469";"1564594847724";"953";"31/07/2019";"239";"70142405";"70142405";"Avatar: The Last Airbender";"Book 3";"The Western Air Temple";"49"
"Book 3: ""The Day of the Black Sun: Part 2""";"The Day of the Black Sun: Part 2";"70231580";"DE";"1425";"1475";"1564523780286";"1434";"30/07/2019";"240";"70142405";"70142405";"Avatar: The Last Airbender";"Book 3";"The Day of the Black Sun: Part 2";"49"
"Book 3: ""The Day of the Black Sun: Part 1""";"The Day of the Black Sun: Part 1";"70231579";"DE";"1424";"1472";"1564521155564";"1109";"30/07/2019";"241";"70142405";"70142405";"Avatar: The Last Airbender";"Book 3";"The Day of the Black Sun: Part 1";"49"
"Book 3: ""Nightmares and Daydreams""";"Nightmares and Daydreams";"70136340";"DE";"1432";"1475";"1564519780408";"1109";"30/07/2019";"242";"70142405";"70142405";"Avatar: The Last Airbender";"Book 3";"Nightmares and Daydreams";"49"
"Book 3: ""The Puppetmaster""";"The Puppetmaster";"70136339";"DE";"1423";"1471";"1564342420722";"1109";"28/07/2019";"243";"70142405";"70142405";"Avatar: The Last Airbender";"Book 3";"The Puppetmaster";"49"
"Book 3: ""The Runaway""";"The Runaway";"70136338";"DE";"1443";"1475";"1564341008969";"1109";"28/07/2019";"244";"70142405";"70142405";"Avatar: The Last Airbender";"Book 3";"The Runaway";"49"
"Book 3: ""The Avatar and the Firelord""";"The Avatar and the Firelord";"70136337";"DE";"1426";"1475";"1564335063545";"1434";"28/07/2019";"245";"70142405";"70142405";"Avatar: The Last Airbender";"Book 3";"The Avatar and the Firelord";"49"
"Book 3: ""The Beach""";"The Beach";"70136336";"DE";"1431";"1474";"1564334494619";"1434";"28/07/2019";"246";"70142405";"70142405";"Avatar: The Last Airbender";"Book 3";"The Beach";"49"
"Book 3: ""Sokka's Master""";"Sokka's Master";"70136335";"DE";"1433";"1476";"1564327402522";"1434";"28/07/2019";"247";"70142405";"70142405";"Avatar: The Last Airbender";"Book 3";"Sokka's Master";"49"
"Book 3: ""The Painted Lady""";"The Painted Lady";"70136334";"DE";"1428";"1473";"1564326100776";"1434";"28/07/2019";"248";"70142405";"70142405";"Avatar: The Last Airbender";"Book 3";"The Painted Lady";"49"
"Book 3: ""The Headband""";"The Headband";"70136333";"DE";"1429";"1472";"1564326095251";"1434";"28/07/2019";"249";"70142405";"70142405";"Avatar: The Last Airbender";"Book 3";"The Headband";"49"
"Book 3: ""The Awakening""";"The Awakening";"70136332";"DE";"82";"1472";"1564326090216";"1434";"28/07/2019";"250";"70142405";"70142405";"Avatar: The Last Airbender";"Book 3";"The Awakening";"49"
"Book 2: ""The Crossroads of Destiny""";"The Crossroads of Destiny";"70222658";"DE";"4";"1473";"1564303246836";"1109";"28/07/2019";"251";"70142405";"70142405";"Avatar: The Last Airbender";"Book 2";"The Crossroads of Destiny";"49"
"Book 2: ""The Guru""";"The Guru";"70222657";"DE";"1424";"1474";"1564264398296";"1109";"27/07/2019";"252";"70142405";"70142405";"Avatar: The Last Airbender";"Book 2";"The Guru";"49"
"Book 2: ""The Earth King""";"The Earth King";"70136329";"DE";"1442";"1475";"1564261581606";"1109";"27/07/2019";"253";"70142405";"70142405";"Avatar: The Last Airbender";"Book 2";"The Earth King";"49"
"Book 2: ""Lake Laogai""";"Lake Laogai";"70136328";"DE";"1441";"1472";"1564261323687";"1109";"27/07/2019";"254";"70142405";"70142405";"Avatar: The Last Airbender";"Book 2";"Lake Laogai";"49"
"Book 2: ""Appa's Lost Days""";"Appa's Lost Days";"70136327";"DE";"1435";"1471";"1564254009071";"1109";"27/07/2019";"255";"70142405";"70142405";"Avatar: The Last Airbender";"Book 2";"Appa's Lost Days";"49"
"Book 2: ""Tales of Ba Sing Se""";"Tales of Ba Sing Se";"70136326";"DE";"1201";"1474";"1564254005337";"1109";"27/07/2019";"256";"70142405";"70142405";"Avatar: The Last Airbender";"Book 2";"Tales of Ba Sing Se";"49"
"Book 2: ""City of Walls and Secrets""";"City of Walls and Secrets";"70136325";"DE";"1431";"1472";"1564248819278";"1109";"27/07/2019";"257";"70142405";"70142405";"Avatar: The Last Airbender";"Book 2";"City of Walls and Secrets";"49"
"Book 2: ""Journey to Ba Sing Se: Part 2: The Drill""";"Journey to Ba Sing Se: Part 2: The Drill";"70222656";"DE";"121";"1473";"1564248751770";"1109";"27/07/2019";"258";"70142405";"70142405";"Avatar: The Last Airbender";"Book 2";"Journey to Ba Sing Se: Part 2: The Drill";"49"
"Book 2: ""Journey to Ba Sing Se: Part 1: The Serpent's Pass""";"Journey to Ba Sing Se: Part 1: The Serpent's Pass";"70222655";"DE";"1473";"1473";"1564238878555";"1109";"27/07/2019";"259";"70142405";"70142405";"Avatar: The Last Airbender";"Book 2";"Journey to Ba Sing Se: Part 1: The Serpent's Pass";"49"
"Book 2: ""The Desert""";"The Desert";"70136324";"DE";"1441";"1472";"1564237527420";"1109";"27/07/2019";"260";"70142405";"70142405";"Avatar: The Last Airbender";"Book 2";"The Desert";"49"
"Book 2: ""The Library""";"The Library";"70136323";"DE";"1429";"1472";"1564227587121";"1109";"27/07/2019";"261";"70142405";"70142405";"Avatar: The Last Airbender";"Book 2";"The Library";"49"
"Book 2: ""Bitter Work""";"Bitter Work";"70136322";"DE";"1442";"1472";"1564226761273";"1109";"27/07/2019";"262";"70142405";"70142405";"Avatar: The Last Airbender";"Book 2";"Bitter Work";"49"
"Season 2: ""Old Homes""";"Old Homes";"80095345";"DE";"1391";"1507";"1564161096092";"1109";"26/07/2019";"263";"80095241";"80095241";"Castlevania";"Season 2";"Old Homes";"41"
"Season 1: ""Monument""";"Monument";"80095343";"DE";"1309";"1401";"1564150147981";"1109";"26/07/2019";"264";"80095241";"80095241";"Castlevania";"Season 1";"Monument";"41"
"Season 1: ""The Lone Cyborg""";"The Lone Cyborg";"80117349";"DE";"0";"1440";"1564088395360";"1109";"25/07/2019";"265";"80117291";"80117291";"One-Punch Man";"Season 1";"The Lone Cyborg";"30"
"The Great Hack";"The Great Hack";"80117542";"DE";"6603";"6853";"1564079354916";"1109";"25/07/2019";"266";"80117542";;;;;"40"
"Season 1: ""Labyrinth""";"Labyrinth";"80095342";"DE";"1345";"1437";"1564007688149";"1109";"24/07/2019";"267";"80095241";"80095241";"Castlevania";"Season 1";"Labyrinth";"41"
"Book 2: ""The Chase""";"The Chase";"70136321";"DE";"1408";"1476";"1563903900261";"1109";"23/07/2019";"268";"70142405";"70142405";"Avatar: The Last Airbender";"Book 2";"The Chase";"49"
"Book 2: ""Zuko Alone""";"Zuko Alone";"70136320";"DE";"1440";"1471";"1563902548084";"1109";"23/07/2019";"269";"70142405";"70142405";"Avatar: The Last Airbender";"Book 2";"Zuko Alone";"49"
"Book 2: ""The Blind Bandit""";"The Blind Bandit";"70136319";"DE";"1431";"1472";"1563902452361";"1109";"23/07/2019";"270";"70142405";"70142405";"Avatar: The Last Airbender";"Book 2";"The Blind Bandit";"49"
"Book 2: ""Avatar Day""";"Avatar Day";"70136318";"DE";"1410";"1441";"1563830286262";"1109";"22/07/2019";"271";"70142405";"70142405";"Avatar: The Last Airbender";"Book 2";"Avatar Day";"49"
"Book 2: ""The Swamp""";"The Swamp";"70136317";"DE";"1411";"1443";"1563737192370";"1109";"21/07/2019";"272";"70142405";"70142405";"Avatar: The Last Airbender";"Book 2";"The Swamp";"49"
"Book 2: ""Return to Omashu""";"Return to Omashu";"70136316";"DE";"1412";"1443";"1563731289013";"1109";"21/07/2019";"273";"70142405";"70142405";"Avatar: The Last Airbender";"Book 2";"Return to Omashu";"49"
"Book 2: ""The Cave of Two Lovers""";"The Cave of Two Lovers";"70136315";"DE";"1413";"1444";"1563729928798";"1109";"21/07/2019";"274";"70142405";"70142405";"Avatar: The Last Airbender";"Book 2";"The Cave of Two Lovers";"49"
"Book 2: ""The Avatar State""";"The Avatar State";"70136314";"DE";"1411";"1440";"1563729780795";"1109";"21/07/2019";"275";"70142405";"70142405";"Avatar: The Last Airbender";"Book 2";"The Avatar State";"49"
"Book 1: ""The Siege of the North: Part 2""";"The Siege of the North: Part 2";"70116080";"DE";"1446";"1498";"1563573579474";"1109";"19/07/2019";"276";"70142405";"70142405";"Avatar: The Last Airbender";"Book 1";"The Siege of the North: Part 2";"49"
"Book 1: ""The Siege of the North: Part 1""";"The Siege of the North: Part 1";"70116079";"DE";"1387";"1434";"1563572223889";"1109";"19/07/2019";"277";"70142405";"70142405";"Avatar: The Last Airbender";"Book 1";"The Siege of the North: Part 1";"49"
"Book 1: ""The King of Omashu""";"The King of Omashu";"70116065";"DE";"57";"1409";"1563572197952";"1109";"19/07/2019";"278";"70142405";"70142405";"Avatar: The Last Airbender";"Book 1";"The King of Omashu";"49"
"Season 2: ""Tallahassee""";"Tallahassee";"80995810";"DE";"454";"2737";"1563570161858";"1109";"19/07/2019";"279";"80177346";"80177346";"Happy!";"Season 2";"Tallahassee";"43"
"Wanted";"Wanted";"70075479";"DE";"6145";"6540";"1563307915491";"1109";"16/07/2019";"280";"70075479";;;;;"30"
"Stranger Things 3: ""Chapter Eight: The Battle of Starcourt""";"Chapter Eight: The Battle of Starcourt";"80222779";"DE";"4338";"4665";"1562887217966";"1109";"12/07/2019";"281";"80057281";"80057281";"Stranger Things";"Stranger Things 3";"Chapter Eight: The Battle of Starcourt";"48"
"Stranger Things 3: ""Chapter Seven: The Bite""";"Chapter Seven: The Bite";"80222778";"DE";"3108";"3311";"1562882681890";"1109";"11/07/2019";"282";"80057281";"80057281";"Stranger Things";"Stranger Things 3";"Chapter Seven: The Bite";"48"
"Stranger Things 3: ""Chapter Six: E Pluribus Unum""";"Chapter Six: E Pluribus Unum";"80222777";"DE";"3381";"3584";"1562879341096";"1109";"11/07/2019";"283";"80057281";"80057281";"Stranger Things";"Stranger Things 3";"Chapter Six: E Pluribus Unum";"48"
"Stranger Things 3: ""Chapter Five: The Flayed""";"Chapter Five: The Flayed";"80222776";"DE";"2937";"3125";"1562536634815";"1109";"07/07/2019";"284";"80057281";"80057281";"Stranger Things";"Stranger Things 3";"Chapter Five: The Flayed";"48"
"Stranger Things 3: ""Chapter Four: The Sauna Test""";"Chapter Four: The Sauna Test";"80222775";"DE";"2980";"3169";"1562532936085";"1109";"07/07/2019";"285";"80057281";"80057281";"Stranger Things";"Stranger Things 3";"Chapter Four: The Sauna Test";"48"
"Stranger Things 3: ""Chapter Three: The Case of the Missing Lifeguard""";"Chapter Three: The Case of the Missing Lifeguard";"80222774";"DE";"2805";"2989";"1562530130051";"1109";"07/07/2019";"286";"80057281";"80057281";"Stranger Things";"Stranger Things 3";"Chapter Three: The Case of the Missing Lifeguard";"48"
"Stranger Things 3: ""Chapter Two: The Mall Rats""";"Chapter Two: The Mall Rats";"80222773";"DE";"2821";"3015";"1562360226241";"1109";"05/07/2019";"287";"80057281";"80057281";"Stranger Things";"Stranger Things 3";"Chapter Two: The Mall Rats";"48"
"Stranger Things 3: ""Chapter One: Suzie, Do You Copy?""";"Chapter One: Suzie, Do You Copy?";"80186941";"DE";"2848";"3039";"1562357277705";"1109";"05/07/2019";"288";"80057281";"80057281";"Stranger Things";"Stranger Things 3";"Chapter One: Suzie, Do You Copy?";"48"
"""Chapter Two: The Weirdo on Maple Street""";"Chapter Two: The Weirdo on Maple Street";"80077369";"DE";"6";"3343";"1562357209070";"1109";"05/07/2019";"289";"80057281";"80057281";"Stranger Things";"Stranger Things";"Chapter Two: The Weirdo on Maple Street";"48"
"Murder Mystery";"Murder Mystery";"80242619";"DE";"5364";"5866";"1561312187672";"1109";"23/06/2019";"290";"80242619";;;;;"30"
"Season 1: ""Fat""";"Fat";"80198345";"DE";"1061";"2893";"1561124149402";"1434";"21/06/2019";"291";"80198288";"80198288";"Salt Fat Acid Heat";"Season 1";"Fat";"25"
"Season 1: ""Upgrade""";"Upgrade";"80182438";"DE";"773";"1560";"1561112691505";"1434";"21/06/2019";"292";"80182553";"80182553";"Dark Net";"Season 1";"Upgrade";"30"
"Season 1: ""Crush""";"Crush";"80182437";"DE";"1622";"1620";"1561110919916";"1434";"21/06/2019";"293";"80182553";"80182553";"Dark Net";"Season 1";"Crush";"30"
"Season 2: ""The War on Easter""";"The War on Easter";"80995809";"DE";"2892";"2939";"1560282973457";"1434";"11/06/2019";"294";"80177346";"80177346";"Happy!";"Season 2";"The War on Easter";"43"
"Season 1: ""Saint Nick""";"Saint Nick";"80177435";"DE";"64";"2669";"1560282893409";"1434";"11/06/2019";"295";"80177346";"80177346";"Happy!";"Season 1";"Saint Nick";"43"
"80174479_Montage Final Space";"80174479_Montage Final Space";"81006923";"DE";"3";"0";"1560018629845";"1109";"08/06/2019";"296";"80174479";;;;;"44"
"Rim of the World";"Rim of the World";"80218306";"DE";"5537";"5948";"1559850009112";"1109";"06/06/2019";"297";"80218306";;;;;"26"
"Season 1: ""If You Are the Smartest One in the Room, You're in the Wrong Room""";"If You Are the Smartest One in the Room, You're in the Wrong Room";"80226518";"DE";"1688";"1748";"1559839304626";"1109";"06/06/2019";"298";"80218448";"80218448";"How to Sell Drugs Online (Fast)";"Season 1";"If You Are the Smartest One in the Room, You're in the Wrong Room";"48"
"Season 1: ""Score Big or Don't Score at All""";"Score Big or Don't Score at All";"80226517";"DE";"1436";"1496";"1559768702347";"1109";"05/06/2019";"299";"80218448";"80218448";"How to Sell Drugs Online (Fast)";"Season 1";"Score Big or Don't Score at All";"48"
"Season 1: ""If This is Reality, I'm Not Interested""";"If This is Reality, I'm Not Interested";"80226516";"DE";"1669";"1728";"1559767037750";"1109";"05/06/2019";"300";"80218448";"80218448";"How to Sell Drugs Online (Fast)";"Season 1";"If This is Reality, I'm Not Interested";"48"
"Season 1: ""Failure is Not an Option""";"Failure is Not an Option";"80226515";"DE";"1646";"1706";"1559765389676";"1109";"05/06/2019";"301";"80218448";"80218448";"How to Sell Drugs Online (Fast)";"Season 1";"Failure is Not an Option";"48"
"Season 1: ""Life's Not Fair, Get Used to It""";"Life's Not Fair, Get Used to It";"80226514";"DE";"460";"1808";"1559765334714";"1109";"05/06/2019";"302";"80218448";"80218448";"How to Sell Drugs Online (Fast)";"Season 1";"Life's Not Fair, Get Used to It";"48"
"Season 1: ""Nerd Today, Boss Tomorrow""";"Nerd Today, Boss Tomorrow";"80226513";"DE";"1903";"1954";"1559679269250";"1109";"04/06/2019";"303";"80218448";"80218448";"How to Sell Drugs Online (Fast)";"Season 1";"Nerd Today, Boss Tomorrow";"48"
"Book 1: ""The Warriors of Kyoshi""";"The Warriors of Kyoshi";"70116064";"DE";"1351";"1385";"1558208916219";"1109";"18/05/2019";"304";"70142405";"70142405";"Avatar: The Last Airbender";"Book 1";"The Warriors of Kyoshi";"49"
"Book 1: ""The Southern Air Temple""";"The Southern Air Temple";"70116063";"DE";"1367";"1401";"1558207961730";"1109";"18/05/2019";"305";"70142405";"70142405";"Avatar: The Last Airbender";"Book 1";"The Southern Air Temple";"49"
"Book 1: ""The Avatar Returns""";"The Avatar Returns";"70116062";"DE";"1304";"1339";"1558033203645";"1109";"16/05/2019";"306";"70142405";"70142405";"Avatar: The Last Airbender";"Book 1";"The Avatar Returns";"49"
"Book 1: ""The Boy in the Iceberg""";"The Boy in the Iceberg";"70116061";"DE";"1384";"1419";"1558031789211";"1109";"16/05/2019";"307";"70142405";"70142405";"Avatar: The Last Airbender";"Book 1";"The Boy in the Iceberg";"49"
"Season 2: ""Episode 3""";"Episode 3";"80019122";"DE";"3472";"3528";"1557953200283";"1109";"15/05/2019";"308";"80002479";"80002479";"Peaky Blinders";"Season 2";"Episode 3";"49"
"Season 2: ""Episode 2""";"Episode 2";"80019121";"DE";"3462";"3462";"1557951908457";"1109";"15/05/2019";"309";"80002479";"80002479";"Peaky Blinders";"Season 2";"Episode 2";"49"
"Season 2: ""Episode 1""";"Episode 1";"80019120";"DE";"3524";"3546";"1557864083068";"1109";"14/05/2019";"310";"80002479";"80002479";"Peaky Blinders";"Season 2";"Episode 1";"49"
"Season 1: ""Episode 6""";"Episode 6";"80003013";"DE";"3208";"3248";"1557783118335";"1109";"13/05/2019";"311";"80002479";"80002479";"Peaky Blinders";"Season 1";"Episode 6";"49"
"Season 1: ""Episode 5""";"Episode 5";"80003012";"DE";"3290";"3382";"1557610290039";"1109";"11/05/2019";"312";"80002479";"80002479";"Peaky Blinders";"Season 1";"Episode 5";"49"
"Season 1: ""Episode 4""";"Episode 4";"80003011";"DE";"3510";"3510";"1557609177863";"1109";"11/05/2019";"313";"80002479";"80002479";"Peaky Blinders";"Season 1";"Episode 4";"49"
"Season 1: ""Episode 3""";"Episode 3";"80003010";"DE";"3289";"3314";"1557521984730";"1109";"10/05/2019";"314";"80002479";"80002479";"Peaky Blinders";"Season 1";"Episode 3";"49"
"Season 1: ""Bangkok, Thailand""";"Bangkok, Thailand";"80988020";"DE";"1812";"1812";"1557071348376";"1109";"05/05/2019";"315";"80244996";"80244996";"Street Food: Asia";"Season 1";"Bangkok, Thailand";"30"
"Season 1: ""Home Cooking""";"Home Cooking";"80191115";"DE";"1875";"2899";"1557069666708";"1434";"05/05/2019";"316";"80170368";"80170368";"Ugly Delicious";"Season 1";"Home Cooking";"26"
"Season 2: ""Perpetual Infinity""";"Perpetual Infinity";"80992621";"DE";"2963";"2963";"1557066117703";"1109";"05/05/2019";"317";"80126024";"80126024";"Star Trek: Discovery";"Season 2";"Perpetual Infinity";"50"
"Season 2: ""The Red Angel""";"The Red Angel";"80992620";"DE";"2793";"2887";"1557066032649";"1109";"05/05/2019";"318";"80126024";"80126024";"Star Trek: Discovery";"Season 2";"The Red Angel";"50"
"Season 2: ""Project Daedalus""";"Project Daedalus";"80992619";"DE";"3115";"3201";"1556825584387";"1109";"02/05/2019";"319";"80126024";"80126024";"Star Trek: Discovery";"Season 2";"Project Daedalus";"50"
"Season 2: ""If Memory Serves""";"If Memory Serves";"80992618";"DE";"3204";"3297";"1556824301700";"1109";"02/05/2019";"320";"80126024";"80126024";"Star Trek: Discovery";"Season 2";"If Memory Serves";"50"
"Season 2: ""Light and Shadows""";"Light and Shadows";"80992617";"DE";"2326";"2414";"1556744650819";"1109";"01/05/2019";"321";"80126024";"80126024";"Star Trek: Discovery";"Season 2";"Light and Shadows";"50"
"Season 2: ""The Sound of Thunder""";"The Sound of Thunder";"80992616";"DE";"3291";"3377";"1556740828543";"1109";"01/05/2019";"322";"80126024";"80126024";"Star Trek: Discovery";"Season 2";"The Sound of Thunder";"50"
"Season 2: ""Saints of Imperfection""";"Saints of Imperfection";"80992615";"DE";"3061";"3147";"1556737483157";"1109";"01/05/2019";"323";"80126024";"80126024";"Star Trek: Discovery";"Season 2";"Saints of Imperfection";"50"
"Season 1: ""Episode 2""";"Episode 2";"80003009";"DE";"3466";"3480";"1556482371596";"953";"28/04/2019";"324";"80002479";"80002479";"Peaky Blinders";"Season 1";"Episode 2";"49"
"Season 1: ""Episode 1""";"Episode 1";"80003008";"DE";"3414";"3428";"1556474003410";"953";"28/04/2019";"325";"80002479";"80002479";"Peaky Blinders";"Season 1";"Episode 1";"49"
"Season 1: ""The Trial""";"The Trial";"80193697";"DE";"1061";"2960";"1556410978590";"1109";"28/04/2019";"326";"80193978";"80193978";"Warrior";"Season 1";"The Trial";"25"
"Season 1: ""The Funeral""";"The Funeral";"80193696";"DE";"2806";"2854";"1556408172066";"1109";"28/04/2019";"327";"80193978";"80193978";"Warrior";"Season 1";"The Funeral";"25"
"Season 1: ""The World's Water Crisis""";"The World's Water Crisis";"80243769";"DE";"145";"1127";"1556377613575";"1109";"27/04/2019";"328";"80216752";"80216752";"Explained";"Season 1";"The World's Water Crisis";"45"
"Season 1: ""Music""";"Music";"80243768";"DE";"1139";"1173";"1556376474060";"1109";"27/04/2019";"329";"80216752";"80216752";"Explained";"Season 1";"Music";"45"
"Kick-Ass 2";"Kick-Ass 2";"70264802";"DE";"2475";"6184";"1556229130383";"1109";"25/04/2019";"330";"70264802";;;;;"31"
"Fury";"Fury";"70305907";"DE";"5783";"8096";"1556229041243";"1109";"25/04/2019";"331";"70305907";;;;;"30"
"Season 1: ""Into The Woods""";"Into The Woods";"81021261";"DE";"813";"813";"1556213955491";"1109";"25/04/2019";"332";"81004814";"81004814";"BONDING";"Season 1";"Into The Woods";"24"
"Season 1: ""Penguins""";"Penguins";"81021260";"DE";"786";"843";"1556213176480";"1109";"25/04/2019";"333";"81004814";"81004814";"BONDING";"Season 1";"Penguins";"24"
"Season 1: ""Double Date""";"Double Date";"81021259";"DE";"910";"967";"1556212273348";"1109";"25/04/2019";"334";"81004814";"81004814";"BONDING";"Season 1";"Double Date";"24"
"Season 1: ""Let's Get Physical""";"Let's Get Physical";"81021258";"DE";"847";"905";"1556211546366";"1109";"25/04/2019";"335";"81004814";"81004814";"BONDING";"Season 1";"Let's Get Physical";"24"
"Season 1: ""The Past is Not Always Behind""";"The Past is Not Always Behind";"81021257";"DE";"982";"1039";"1556208465044";"1109";"25/04/2019";"336";"81004814";"81004814";"BONDING";"Season 1";"The Past is Not Always Behind";"24"
"Season 1: ""Pete Shy""";"Pete Shy";"81021256";"DE";"980";"1037";"1556207491621";"1109";"25/04/2019";"337";"81004814";"81004814";"BONDING";"Season 1";"Pete Shy";"24"
"Season 1: ""Old Friends, New Names""";"Old Friends, New Names";"81021255";"DE";"911";"969";"1556206579585";"1109";"25/04/2019";"338";"81004814";"81004814";"BONDING";"Season 1";"Old Friends, New Names";"24"
"Season 1: ""Chapter Ten""";"Chapter Ten";"81001402";"DE";"1311";"1311";"1556191158277";"1109";"25/04/2019";"339";"80174479";"80174479";"Final Space";"Season 1";"Chapter Ten";"44"
"Season 1: ""Chapter Nine""";"Chapter Nine";"81001401";"DE";"1262";"1263";"1556189429776";"1109";"25/04/2019";"340";"80174479";"80174479";"Final Space";"Season 1";"Chapter Nine";"44"
"Season 1: ""Chapter Eight""";"Chapter Eight";"81001400";"DE";"1293";"1295";"1556137078129";"1109";"24/04/2019";"341";"80174479";"80174479";"Final Space";"Season 1";"Chapter Eight";"44"
"Season 1: ""Chapter Seven""";"Chapter Seven";"81001399";"DE";"1295";"1297";"1556135802589";"1109";"24/04/2019";"342";"80174479";"80174479";"Final Space";"Season 1";"Chapter Seven";"44"
"Season 1: ""Chapter Six""";"Chapter Six";"81001398";"DE";"1288";"1289";"1556134482565";"1109";"24/04/2019";"343";"80174479";"80174479";"Final Space";"Season 1";"Chapter Six";"44"
"Season 1: ""Chapter Five""";"Chapter Five";"81001397";"DE";"1289";"1299";"1556053642955";"1109";"23/04/2019";"344";"80174479";"80174479";"Final Space";"Season 1";"Chapter Five";"44"
"Season 1: ""Chapter Four""";"Chapter Four";"81001396";"DE";"1292";"1297";"1555967086413";"1109";"22/04/2019";"345";"80174479";"80174479";"Final Space";"Season 1";"Chapter Four";"44"
"Season 1: ""Chapter Three""";"Chapter Three";"81001395";"DE";"1299";"1301";"1555965784537";"1109";"22/04/2019";"346";"80174479";"80174479";"Final Space";"Season 1";"Chapter Three";"44"
"Season 1: ""Chapter Two""";"Chapter Two";"81001394";"DE";"1319";"1319";"1555963506548";"1109";"22/04/2019";"347";"80174479";"80174479";"Final Space";"Season 1";"Chapter Two";"44"
"Season 1: ""Chapter One""";"Chapter One";"80174386";"DE";"1287";"1287";"1555960829878";"1109";"22/04/2019";"348";"80174479";"80174479";"Final Space";"Season 1";"Chapter One";"44"
"Season 2: ""An Obol For Charon""";"An Obol For Charon";"80992614";"DE";"2839";"3107";"1555628056941";"1109";"18/04/2019";"349";"80126024";"80126024";"Star Trek: Discovery";"Season 2";"An Obol For Charon";"50"
"Season 2: ""Point of Light""";"Point of Light";"80992613";"DE";"2908";"2995";"1555532418161";"1109";"17/04/2019";"350";"80126024";"80126024";"Star Trek: Discovery";"Season 2";"Point of Light";"50"
"Season 2: ""New Eden""";"New Eden";"80990865";"DE";"2563";"2651";"1555532015022";"1109";"17/04/2019";"351";"80126024";"80126024";"Star Trek: Discovery";"Season 2";"New Eden";"50"
"Season 2: ""Brother""";"Brother";"80224311";"DE";"3561";"3650";"1555446289219";"1109";"16/04/2019";"352";"80126024";"80126024";"Star Trek: Discovery";"Season 2";"Brother";"50"
"Season 1: ""The Vulcan Hello""";"The Vulcan Hello";"80126025";"DE";"5";"2611";"1555446281609";"1109";"16/04/2019";"353";"80126024";"80126024";"Star Trek: Discovery";"Season 1";"The Vulcan Hello";"50"
"Inglourious Basterds";"Inglourious Basterds";"70108777";"UA";"0";"9228";"1555304078598";"1798";"15/04/2019";"354";"70108777";;;;;"46"
"""Chapter One: The Vanishing Of Will Byers""";"Chapter One: The Vanishing Of Will Byers";"80077368";"UA";"1";"2931";"1555304049154";"1798";"15/04/2019";"355";"80057281";"80057281";"Stranger Things";"Stranger Things";"Chapter One: The Vanishing Of Will Byers";"48"
"Season 1: ""Operation Jungle Rescue, Pt. 2""";"Operation Jungle Rescue, Pt. 2";"80227805";"DE";"1184";"3462";"1555190933153";"953";"13/04/2019";"356";"80227574";"80227574";"You vs. Wild";"Season 1";"Operation Jungle Rescue, Pt. 2";"29"
"Season 1: ""Operation Jungle Rescue, Pt. 1""";"Operation Jungle Rescue, Pt. 1";"80227804";"DE";"808";"4535";"1555190132637";"953";"13/04/2019";"357";"80227574";"80227574";"You vs. Wild";"Season 1";"Operation Jungle Rescue, Pt. 1";"29"
"The Dark Knight Rises";"The Dark Knight Rises";"70213514";"DE";"9405";"9868";"1554930149969";"1109";"10/04/2019";"358";"70213514";;;;;"46"
"The Most Unknown";"The Most Unknown";"80222042";"DE";"3679";"5520";"1554758839035";"1434";"08/04/2019";"359";"80222042";;;;;"30"
"The Highwaymen";"The Highwaymen";"80200571";"DE";"7620";"7936";"1554585238085";"953";"06/04/2019";"360";"80200571";;;;;"46"
"Season 1: ""Changes""";"Changes";"80190403";"DE";"1576";"2745";"1554403779716";"1109";"04/04/2019";"361";"80186863";"80186863";"The Umbrella Academy";"Season 1";"Changes";"43"
"Season 1: ""I Heard a Rumor""";"I Heard a Rumor";"80190402";"DE";"3000";"3135";"1554392153767";"1109";"04/04/2019";"362";"80186863";"80186863";"The Umbrella Academy";"Season 1";"I Heard a Rumor";"43"
"Season 1: ""The Day That Was""";"The Day That Was";"80190401";"DE";"3296";"3430";"1554315419083";"1109";"03/04/2019";"363";"80186863";"80186863";"The Umbrella Academy";"Season 1";"The Day That Was";"43"
"Season 1: ""The King of Spain""";"The King of Spain";"80239921";"DE";"2291";"2368";"1554234072641";"1109";"02/04/2019";"364";"80204890";"80204890";"Formula 1: Drive to Survive";"Season 1";"The King of Spain";"48"
"Season 1: ""All to Play For""";"All to Play For";"80239920";"DE";"2097";"2174";"1554231963428";"1109";"02/04/2019";"365";"80204890";"80204890";"Formula 1: Drive to Survive";"Season 1";"All to Play For";"48"
"Season 1: ""The Strongest Man""";"The Strongest Man";"80117348";"DE";"143";"1440";"1554071113481";"953";"31/03/2019";"366";"80117291";"80117291";"One-Punch Man";"Season 1";"The Strongest Man";"30"
"Season 1: ""Tacos""";"Tacos";"80191117";"DE";"3133";"3285";"1553971842915";"953";"30/03/2019";"367";"80170368";"80170368";"Ugly Delicious";"Season 1";"Tacos";"26"
"Season 1: ""Pizza""";"Pizza";"80170369";"DE";"3099";"3247";"1553968283745";"953";"30/03/2019";"368";"80170368";"80170368";"Ugly Delicious";"Season 1";"Pizza";"26"
"X-Men: Apocalypse";"X-Men: Apocalypse";"80092417";"DE";"471";"8642";"1553964884966";"953";"30/03/2019";"369";"80092417";;;;;"40"
"Season 2 Part B: ""Spain""";"Spain";"80213032";"DE";"2395";"2792";"1553637049275";"953";"26/03/2019";"370";"80213025";"80213025";"The World's Most Extraordinary Homes";"Season 2 Part B";"Spain";"39"
"Volume 1: ""ICE AGE""";"ICE AGE";"80223953";"DE";"531";"644";"1553603671204";"1109";"26/03/2019";"371";"80174608";"80174608";"Love, Death & Robots";"Volume 1";"ICE AGE";"31"
"Volume 1: ""BLINDSPOT""";"BLINDSPOT";"80223961";"DE";"449";"538";"1553546322854";"953";"25/03/2019";"372";"80174608";"80174608";"Love, Death & Robots";"Volume 1";"BLINDSPOT";"31"
"Volume 1: ""ZIMA BLUE""";"ZIMA BLUE";"80223962";"DE";"547";"636";"1553545716947";"953";"25/03/2019";"373";"80174608";"80174608";"Love, Death & Robots";"Volume 1";"ZIMA BLUE";"31"
"Volume 1: ""SHAPE-SHIFTERS""";"SHAPE-SHIFTERS";"80223966";"DE";"878";"984";"1553541954641";"1109";"25/03/2019";"374";"80174608";"80174608";"Love, Death & Robots";"Volume 1";"SHAPE-SHIFTERS";"31"
"Volume 1: ""THE DUMP""";"THE DUMP";"80174702";"DE";"557";"646";"1553541388505";"1109";"25/03/2019";"375";"80174608";"80174608";"Love, Death & Robots";"Volume 1";"THE DUMP";"31"
"Volume 1: ""WHEN THE YOGURT TOOK OVER""";"WHEN THE YOGURT TOOK OVER";"80223954";"DE";"45";"394";"1553462550350";"953";"24/03/2019";"376";"80174608";"80174608";"Love, Death & Robots";"Volume 1";"WHEN THE YOGURT TOOK OVER";"31"
"Volume 1: ""BEYOND THE AQUILA RIFT""";"BEYOND THE AQUILA RIFT";"80223963";"DE";"897";"1008";"1553460863083";"953";"24/03/2019";"377";"80174608";"80174608";"Love, Death & Robots";"Volume 1";"BEYOND THE AQUILA RIFT";"31"
"Volume 1: ""SUCKER OF SOULS""";"SUCKER OF SOULS";"80223959";"DE";"702";"794";"1553460094140";"953";"24/03/2019";"378";"80174608";"80174608";"Love, Death & Robots";"Volume 1";"SUCKER OF SOULS";"31"
"Volume 1: ""THE WITNESS""";"THE WITNESS";"80223968";"DE";"643";"740";"1553121604211";"1434";"20/03/2019";"379";"80174608";"80174608";"Love, Death & Robots";"Volume 1";"THE WITNESS";"31"
"Volume 1: ""THREE ROBOTS""";"THREE ROBOTS";"80223967";"DE";"624";"708";"1553120977598";"1434";"20/03/2019";"380";"80174608";"80174608";"Love, Death & Robots";"Volume 1";"THREE ROBOTS";"31"
"Volume 1: ""SONNIE'S EDGE""";"SONNIE'S EDGE";"80223965";"DE";"936";"1048";"1552691370708";"1109";"16/03/2019";"381";"80174608";"80174608";"Love, Death & Robots";"Volume 1";"SONNIE'S EDGE";"31"
"Triple Frontier";"Triple Frontier";"80192187";"DE";"950";"7552";"1552502161864";"1109";"13/03/2019";"382";"80192187";;;;;"36"
"Season 1: ""The Day That Wasn't""";"The Day That Wasn't";"80190400";"DE";"3371";"3510";"1552328832710";"1109";"11/03/2019";"383";"80186863";"80186863";"The Umbrella Academy";"Season 1";"The Day That Wasn't";"43"
"Season 1: ""Number Five""";"Number Five";"80190199";"DE";"3497";"3632";"1552321679883";"1109";"11/03/2019";"384";"80186863";"80186863";"The Umbrella Academy";"Season 1";"Number Five";"43"
"Season 1: ""Man on the Moon""";"Man on the Moon";"80190198";"DE";"3299";"3440";"1552308242856";"1109";"11/03/2019";"385";"80186863";"80186863";"The Umbrella Academy";"Season 1";"Man on the Moon";"43"
"Season 1: ""Extra Ordinary""";"Extra Ordinary";"80190197";"UA";"3278";"3407";"1552239629245";"1434";"10/03/2019";"386";"80186863";"80186863";"The Umbrella Academy";"Season 1";"Extra Ordinary";"43"
"Icarus";"Icarus";"80168079";"UA";"148";"7271";"1551962801200";"1434";"07/03/2019";"387";"80168079";;;;;"32"
"Season 1: ""Run Boy Run""";"Run Boy Run";"80190196";"UA";"3335";"3474";"1551893853107";"1434";"06/03/2019";"388";"80186863";"80186863";"The Umbrella Academy";"Season 1";"Run Boy Run";"43"
"Season 1: ""We Only See Each Other at Weddings and Funerals""";"We Only See Each Other at Weddings and Funerals";"80186864";"UA";"3448";"3580";"1551890196313";"1109";"06/03/2019";"389";"80186863";"80186863";"The Umbrella Academy";"Season 1";"We Only See Each Other at Weddings and Funerals";"43"
"Isn't It Romantic";"Isn't It Romantic";"80200642";"UA";"0";"5335";"1551827432930";"1109";"06/03/2019";"390";"80200642";;;;;"24"
"Season 1: ""Episode 8""";"Episode 8";"80224547";"UA";"3076";"3176";"1551824206322";"1109";"05/03/2019";"391";"80197526";"80197526";"Sex Education";"Season 1";"Episode 8";"32"
"Season 1: ""Episode 7""";"Episode 7";"80224546";"UA";"2997";"3106";"1551820767806";"1109";"05/03/2019";"392";"80197526";"80197526";"Sex Education";"Season 1";"Episode 7";"32"
"Season 1: ""Episode 4""";"Episode 4";"80224543";"UA";"14";"2838";"1551820747579";"1109";"05/03/2019";"393";"80197526";"80197526";"Sex Education";"Season 1";"Episode 4";"32"
"Season 1: ""Episode 3""";"Episode 3";"80224542";"UA";"2937";"3050";"1551636822212";"1434";"03/03/2019";"394";"80197526";"80197526";"Sex Education";"Season 1";"Episode 3";"32"
"Season 1: ""Episode 2""";"Episode 2";"80224541";"UA";"2899";"3006";"1551633677664";"1434";"03/03/2019";"395";"80197526";"80197526";"Sex Education";"Season 1";"Episode 2";"32"
"Season 1: ""Episode 1""";"Episode 1";"80210938";"UA";"41";"3142";"1551632427827";"1434";"03/03/2019";"396";"80197526";"80197526";"Sex Education";"Season 1";"Episode 1";"32"
"Season 2: ""Flustercluck""";"Flustercluck";"80198339";"DE";"1152";"3471";"1551044821847";"1109";"24/02/2019";"397";"80117498";"80117498";"Marvel's The Punisher";"Season 2";"Flustercluck";"49"
"Season 2: ""My Brother's Keeper""";"My Brother's Keeper";"80198338";"DE";"2813";"2933";"1551044071369";"1109";"24/02/2019";"398";"80117498";"80117498";"Marvel's The Punisher";"Season 2";"My Brother's Keeper";"49"
"Season 5: ""Perfect Week""";"Perfect Week";"70218582";"DE";"740";"1329";"1550870845785";"1109";"22/02/2019";"399";"70143824";"70143824";"How I Met Your Mother";"Season 5";"Perfect Week";"42"
"Season 5: ""Jenkins""";"Jenkins";"70218581";"DE";"1";"1325";"1550870818008";"1109";"22/02/2019";"400";"70143824";"70143824";"How I Met Your Mother";"Season 5";"Jenkins";"42"
"Season 5: ""Girls Vs. Suits""";"Girls Vs. Suits";"70218580";"DE";"7";"1327";"1550870802154";"1109";"22/02/2019";"401";"70143824";"70143824";"How I Met Your Mother";"Season 5";"Girls Vs. Suits";"42"
"Season 5: ""Last Cigarette Ever""";"Last Cigarette Ever";"70218579";"DE";"1";"1319";"1550870790733";"1109";"22/02/2019";"402";"70143824";"70143824";"How I Met Your Mother";"Season 5";"Last Cigarette Ever";"42"
"Season 5: ""The Window""";"The Window";"70218578";"DE";"2";"1329";"1550870785772";"1109";"22/02/2019";"403";"70143824";"70143824";"How I Met Your Mother";"Season 5";"The Window";"42"
"Season 2: ""One Bad Day""";"One Bad Day";"80198337";"DE";"2988";"3109";"1550080299881";"1109";"13/02/2019";"404";"80117498";"80117498";"Marvel's The Punisher";"Season 2";"One Bad Day";"49"
"Season 2: ""Nakazat""";"Nakazat";"80198336";"DE";"3286";"3409";"1550045541190";"1434";"13/02/2019";"405";"80117498";"80117498";"Marvel's The Punisher";"Season 2";"Nakazat";"49"
"Season 2: ""One-Eyed Jacks""";"One-Eyed Jacks";"80198335";"DE";"2959";"3081";"1549995200226";"1109";"12/02/2019";"406";"80117498";"80117498";"Marvel's The Punisher";"Season 2";"One-Eyed Jacks";"49"
"Season 2: ""Scar Tissue""";"Scar Tissue";"80198334";"DE";"3359";"3481";"1549994541371";"1109";"12/02/2019";"407";"80117498";"80117498";"Marvel's The Punisher";"Season 2";"Scar Tissue";"49"
"Season 2: ""Trouble the Water""";"Trouble the Water";"80198333";"DE";"2952";"3073";"1549921989598";"1109";"11/02/2019";"408";"80117498";"80117498";"Marvel's The Punisher";"Season 2";"Trouble the Water";"49"
"Season 2: ""Fight or Flight""";"Fight or Flight";"80198332";"DE";"3173";"3295";"1549832201673";"1109";"10/02/2019";"409";"80117498";"80117498";"Marvel's The Punisher";"Season 2";"Fight or Flight";"49"
"Season 2: ""Roadhouse Blues""";"Roadhouse Blues";"80198331";"DE";"3073";"3189";"1549831501695";"1109";"10/02/2019";"410";"80117498";"80117498";"Marvel's The Punisher";"Season 2";"Roadhouse Blues";"49"
"Season 1: ""3AM""";"3AM";"80117697";"DE";"9";"3083";"1549816342553";"1109";"10/02/2019";"411";"80117498";"80117498";"Marvel's The Punisher";"Season 1";"3AM";"49"
"How It Ends";"How It Ends";"80167481";"DE";"6461";"6793";"1549220834475";"1109";"03/02/2019";"412";"80167481";;;;;"40"